"Longitude (x)","Latitude (y)","Station Name","Climate ID","Date/Time (LST)","Year","Month","Day","Time (LST)","Temp (°C)","Temp Flag","Dew Point Temp (°C)","Dew Point Temp Flag","Rel Hum (%)","Rel Hum Flag","Precip. Amount (mm)","Precip. Amount Flag","Wind Dir (10s deg)","Wind Dir Flag","Wind Spd (km/h)","Wind Spd Flag","Visibility (km)","Visibility Flag","Stn Press (kPa)","Stn Press Flag","Hmdx","Hmdx Flag","Wind Chill","Wind Chill Flag","Weather"
"-86.22","66.52","NAUJAAT A","2403491","2018-01-01 00:00","2018","01","01","00:00"
"-86.22","66.52","NAUJAAT A","2403491","2018-01-01 01:00","2018","01","01","01:00"
"-86.22","66.52","NAUJAAT A","2403491","2018-01-01 02:00","2018","01","01","02:00"
"-86.22","66.52","NAUJAAT A","2403491","2018-01-01 03:00","2018","01","01","03:00"
"-86.22","66.52","NAUJAAT A","2403491","2018-01-01 04:00","2018","01","01","04:00"
"-86.22","66.52","NAUJAAT A","2403491","2018-01-01 05:00","2018","01","01","05:00"
"-86.22","66.52","NAUJAAT A","2403491","2018-01-01 06:00","2018","01","01","06:00"
"-86.22","66.52","NAUJAAT A","2403491","2018-01-01 07:00","2018","01","01","07:00"
"-86.22","66.52","NAUJAAT A","2403491","2018-01-01 08:00","2018","01","01","08:00"
"-86.22","66.52","NAUJAAT A","2403491","2018-01-01 09:00","2018","01","01","09:00"
"-86.22","66.52","NAUJAAT A","2403491","2018-01-01 10:00","2018","01","01","10:00"
"-86.22","66.52","NAUJAAT A","2403491","2018-01-01 11:00","2018","01","01","11:00"
"-86.22","66.52","NAUJAAT A","2403491","2018-01-01 12:00","2018","01","01","12:00"
"-86.22","66.52","NAUJAAT A","2403491","2018-01-01 13:00","2018","01","01","13:00"
"-86.22","66.52","NAUJAAT A","2403491","2018-01-01 14:00","2018","01","01","14:00"
"-86.22","66.52","NAUJAAT A","2403491","2018-01-01 15:00","2018","01","01","15:00"
"-86.22","66.52","NAUJAAT A","2403491","2018-01-01 16:00","2018","01","01","16:00"
"-86.22","66.52","NAUJAAT A","2403491","2018-01-01 17:00","2018","01","01","17:00"
"-86.22","66.52","NAUJAAT A","2403491","2018-01-01 18:00","2018","01","01","18:00"
"-86.22","66.52","NAUJAAT A","2403491","2018-01-01 19:00","2018","01","01","19:00"
"-86.22","66.52","NAUJAAT A","2403491","2018-01-01 20:00","2018","01","01","20:00"
"-86.22","66.52","NAUJAAT A","2403491","2018-01-01 21:00","2018","01","01","21:00"
"-86.22","66.52","NAUJAAT A","2403491","2018-01-01 22:00","2018","01","01","22:00"
"-86.22","66.52","NAUJAAT A","2403491","2018-01-01 23:00","2018","01","01","23:00"
"-86.22","66.52","NAUJAAT A","2403491","2018-01-02 00:00","2018","01","02","00:00"
"-86.22","66.52","NAUJAAT A","2403491","2018-01-02 01:00","2018","01","02","01:00"
"-86.22","66.52","NAUJAAT A","2403491","2018-01-02 02:00","2018","01","02","02:00"
"-86.22","66.52","NAUJAAT A","2403491","2018-01-02 03:00","2018","01","02","03:00"
"-86.22","66.52","NAUJAAT A","2403491","2018-01-02 04:00","2018","01","02","04:00"
"-86.22","66.52","NAUJAAT A","2403491","2018-01-02 05:00","2018","01","02","05:00"
"-86.22","66.52","NAUJAAT A","2403491","2018-01-02 06:00","2018","01","02","06:00"
"-86.22","66.52","NAUJAAT A","2403491","2018-01-02 07:00","2018","01","02","07:00","-32.4","","-36.1","","71","","","","33","","17","","40.2","","101.41","","","","-45","","NA"
"-86.22","66.52","NAUJAAT A","2403491","2018-01-02 08:00","2018","01","02","08:00","-33.0","","-36.7","","70","","","","34","","20","","40.2","","101.46","","","","-47","","NA"
"-86.22","66.52","NAUJAAT A","2403491","2018-01-02 09:00","2018","01","02","09:00","-33.7","","-37.4","","70","","","","34","","17","","32.2","","101.49","","","","-47","","Mainly Clear"
"-86.22","66.52","NAUJAAT A","2403491","2018-01-02 10:00","2018","01","02","10:00","-33.1","","-36.9","","70","","","","36","","23","","24.1","","101.50","","","","-48","","Blowing Snow"
"-86.22","66.52","NAUJAAT A","2403491","2018-01-02 11:00","2018","01","02","11:00","-31.9","","-35.6","","70","","","","35","","22","","32.2","","101.51","","","","-46","","Blowing Snow"
"-86.22","66.52","NAUJAAT A","2403491","2018-01-02 12:00","2018","01","02","12:00","-31.8","","-35.6","","70","","","","32","","12","","32.2","","101.55","","","","-42","","Mostly Cloudy"
"-86.22","66.52","NAUJAAT A","2403491","2018-01-02 13:00","2018","01","02","13:00","-32.4","","-36.1","","70","","","","35","","25","","16.1","","101.55","","","","-48","","Blowing Snow"
"-86.22","66.52","NAUJAAT A","2403491","2018-01-02 14:00","2018","01","02","14:00","-33.1","","-36.9","","69","","","","35","","22","","24.1","","101.59","","","","-48","","Ice Crystals,Blowing Snow"
"-86.22","66.52","NAUJAAT A","2403491","2018-01-02 15:00","2018","01","02","15:00","-33.4","","-37.2","","69","","","","35","","31","","16.1","","101.62","","","","-50","","Ice Crystals,Blowing Snow"
"-86.22","66.52","NAUJAAT A","2403491","2018-01-02 16:00","2018","01","02","16:00","-33.7","","-37.5","","69","","","","36","","37","","12.9","","101.68","","","","-52","","Ice Crystals,Blowing Snow"
"-86.22","66.52","NAUJAAT A","2403491","2018-01-02 17:00","2018","01","02","17:00","-34.2","","-38.1","","69","","","","36","","38","","12.9","","101.73","","","","-53","","Ice Crystals,Blowing Snow"
"-86.22","66.52","NAUJAAT A","2403491","2018-01-02 18:00","2018","01","02","18:00"
"-86.22","66.52","NAUJAAT A","2403491","2018-01-02 19:00","2018","01","02","19:00"
"-86.22","66.52","NAUJAAT A","2403491","2018-01-02 20:00","2018","01","02","20:00"
"-86.22","66.52","NAUJAAT A","2403491","2018-01-02 21:00","2018","01","02","21:00"
"-86.22","66.52","NAUJAAT A","2403491","2018-01-02 22:00","2018","01","02","22:00"
"-86.22","66.52","NAUJAAT A","2403491","2018-01-02 23:00","2018","01","02","23:00"
"-86.22","66.52","NAUJAAT A","2403491","2018-01-03 00:00","2018","01","03","00:00"
"-86.22","66.52","NAUJAAT A","2403491","2018-01-03 01:00","2018","01","03","01:00"
"-86.22","66.52","NAUJAAT A","2403491","2018-01-03 02:00","2018","01","03","02:00"
"-86.22","66.52","NAUJAAT A","2403491","2018-01-03 03:00","2018","01","03","03:00"
"-86.22","66.52","NAUJAAT A","2403491","2018-01-03 04:00","2018","01","03","04:00"
"-86.22","66.52","NAUJAAT A","2403491","2018-01-03 05:00","2018","01","03","05:00"
"-86.22","66.52","NAUJAAT A","2403491","2018-01-03 06:00","2018","01","03","06:00"
"-86.22","66.52","NAUJAAT A","2403491","2018-01-03 07:00","2018","01","03","07:00","-31.6","","-35.4","","70","","","","34","","7","","19.3","","102.06","","","","-39","","Ice Crystals"
"-86.22","66.52","NAUJAAT A","2403491","2018-01-03 08:00","2018","01","03","08:00","-31.9","","-35.7","","70","","","","25","","8","","19.3","","102.07","","","","-40","","Ice Crystals"
"-86.22","66.52","NAUJAAT A","2403491","2018-01-03 09:00","2018","01","03","09:00","-32.4","","-36.3","","69","","","","34","","16","","24.1","","102.06","","","","-45","","Ice Crystals"
"-86.22","66.52","NAUJAAT A","2403491","2018-01-03 10:00","2018","01","03","10:00","-31.5","","-35.6","","68","","","","36","","24","","32.2","","102.09","","","","-46","","Ice Crystals"
"-86.22","66.52","NAUJAAT A","2403491","2018-01-03 11:00","2018","01","03","11:00","-31.8","","-35.8","","68","","","","36","","18","","16.1","","102.11","","","","-45","","Ice Crystals,Blowing Snow"
"-86.22","66.52","NAUJAAT A","2403491","2018-01-03 12:00","2018","01","03","12:00","-31.8","","-35.8","","68","","","","36","","24","","32.2","","102.11","","","","-47","","Ice Crystals,Blowing Snow"
"-86.22","66.52","NAUJAAT A","2403491","2018-01-03 13:00","2018","01","03","13:00","-32.0","","-36.0","","68","","","","35","","25","","32.2","","102.13","","","","-47","","Ice Crystals,Blowing Snow"
"-86.22","66.52","NAUJAAT A","2403491","2018-01-03 14:00","2018","01","03","14:00","-32.5","","-36.5","","68","","","","35","","28","","32.2","","102.15","","","","-48","","Ice Crystals,Blowing Snow"
"-86.22","66.52","NAUJAAT A","2403491","2018-01-03 15:00","2018","01","03","15:00","-32.5","","-36.5","","69","","","","35","","24","","32.2","","102.19","","","","-47","","Ice Crystals,Blowing Snow"
"-86.22","66.52","NAUJAAT A","2403491","2018-01-03 16:00","2018","01","03","16:00","-33.0","","-37.0","","68","","","","34","","17","","32.2","","102.25","","","","-46","","Ice Crystals,Blowing Snow"
"-86.22","66.52","NAUJAAT A","2403491","2018-01-03 17:00","2018","01","03","17:00","-33.3","","-37.3","","68","","","","33","","17","","32.2","","102.30","","","","-46","","Ice Crystals"
"-86.22","66.52","NAUJAAT A","2403491","2018-01-03 18:00","2018","01","03","18:00"
"-86.22","66.52","NAUJAAT A","2403491","2018-01-03 19:00","2018","01","03","19:00"
"-86.22","66.52","NAUJAAT A","2403491","2018-01-03 20:00","2018","01","03","20:00"
"-86.22","66.52","NAUJAAT A","2403491","2018-01-03 21:00","2018","01","03","21:00"
"-86.22","66.52","NAUJAAT A","2403491","2018-01-03 22:00","2018","01","03","22:00"
"-86.22","66.52","NAUJAAT A","2403491","2018-01-03 23:00","2018","01","03","23:00"
"-86.22","66.52","NAUJAAT A","2403491","2018-01-04 00:00","2018","01","04","00:00"
"-86.22","66.52","NAUJAAT A","2403491","2018-01-04 01:00","2018","01","04","01:00"
"-86.22","66.52","NAUJAAT A","2403491","2018-01-04 02:00","2018","01","04","02:00"
"-86.22","66.52","NAUJAAT A","2403491","2018-01-04 03:00","2018","01","04","03:00"
"-86.22","66.52","NAUJAAT A","2403491","2018-01-04 04:00","2018","01","04","04:00"
"-86.22","66.52","NAUJAAT A","2403491","2018-01-04 05:00","2018","01","04","05:00"
"-86.22","66.52","NAUJAAT A","2403491","2018-01-04 06:00","2018","01","04","06:00"
"-86.22","66.52","NAUJAAT A","2403491","2018-01-04 07:00","2018","01","04","07:00","-34.0","","-38.0","","68","","","","35","","28","","24.1","","102.80","","","","-50","","Ice Crystals,Blowing Snow"
"-86.22","66.52","NAUJAAT A","2403491","2018-01-04 08:00","2018","01","04","08:00","-33.7","","-37.7","","68","","","","35","","28","","24.1","","102.85","","","","-50","","Ice Crystals,Blowing Snow"
"-86.22","66.52","NAUJAAT A","2403491","2018-01-04 09:00","2018","01","04","09:00","-33.2","","-37.2","","69","","","","35","","35","","24.1","","102.89","","","","-51","","Ice Crystals,Blowing Snow"
"-86.22","66.52","NAUJAAT A","2403491","2018-01-04 10:00","2018","01","04","10:00","-33.1","","-37.0","","69","","","","35","","36","","24.1","","102.90","","","","-51","","Ice Crystals,Blowing Snow"
"-86.22","66.52","NAUJAAT A","2403491","2018-01-04 11:00","2018","01","04","11:00","-33.7","","-37.7","","68","","","","36","","31","","24.1","","102.91","","","","-51","","Ice Crystals,Blowing Snow"
"-86.22","66.52","NAUJAAT A","2403491","2018-01-04 12:00","2018","01","04","12:00","-33.3","","-37.2","","68","","","","35","","28","","16.1","","102.91","","","","-49","","Ice Crystals,Blowing Snow"
"-86.22","66.52","NAUJAAT A","2403491","2018-01-04 13:00","2018","01","04","13:00","-33.1","","-37.1","","68","","","","35","","29","","24.1","","102.94","","","","-49","","Ice Crystals,Blowing Snow"
"-86.22","66.52","NAUJAAT A","2403491","2018-01-04 14:00","2018","01","04","14:00","-33.3","","-37.2","","69","","","","35","","34","","24.1","","102.97","","","","-51","","Ice Crystals,Blowing Snow"
"-86.22","66.52","NAUJAAT A","2403491","2018-01-04 15:00","2018","01","04","15:00","-33.6","","-37.5","","68","","","","35","","33","","19.3","","102.99","","","","-51","","Ice Crystals,Blowing Snow"
"-86.22","66.52","NAUJAAT A","2403491","2018-01-04 16:00","2018","01","04","16:00","-32.7","","-36.5","","69","","","","35","","26","","19.3","","103.05","","","","-48","","Ice Crystals,Blowing Snow"
"-86.22","66.52","NAUJAAT A","2403491","2018-01-04 17:00","2018","01","04","17:00","-32.2","","-36.0","","70","","","","35","","27","","24.1","","103.09","","","","-48","","Ice Crystals,Blowing Snow"
"-86.22","66.52","NAUJAAT A","2403491","2018-01-04 18:00","2018","01","04","18:00"
"-86.22","66.52","NAUJAAT A","2403491","2018-01-04 19:00","2018","01","04","19:00"
"-86.22","66.52","NAUJAAT A","2403491","2018-01-04 20:00","2018","01","04","20:00"
"-86.22","66.52","NAUJAAT A","2403491","2018-01-04 21:00","2018","01","04","21:00"
"-86.22","66.52","NAUJAAT A","2403491","2018-01-04 22:00","2018","01","04","22:00"
"-86.22","66.52","NAUJAAT A","2403491","2018-01-04 23:00","2018","01","04","23:00"
"-86.22","66.52","NAUJAAT A","2403491","2018-01-05 00:00","2018","01","05","00:00"
"-86.22","66.52","NAUJAAT A","2403491","2018-01-05 01:00","2018","01","05","01:00"
"-86.22","66.52","NAUJAAT A","2403491","2018-01-05 02:00","2018","01","05","02:00"
"-86.22","66.52","NAUJAAT A","2403491","2018-01-05 03:00","2018","01","05","03:00"
"-86.22","66.52","NAUJAAT A","2403491","2018-01-05 04:00","2018","01","05","04:00"
"-86.22","66.52","NAUJAAT A","2403491","2018-01-05 05:00","2018","01","05","05:00"
"-86.22","66.52","NAUJAAT A","2403491","2018-01-05 06:00","2018","01","05","06:00"
"-86.22","66.52","NAUJAAT A","2403491","2018-01-05 07:00","2018","01","05","07:00","-32.7","","-36.1","","72","","","","35","","7","","24.1","","102.87","","","","-40","","NA"
"-86.22","66.52","NAUJAAT A","2403491","2018-01-05 08:00","2018","01","05","08:00","-32.9","","-36.3","","73","","","","32","","7","","24.1","","102.88","","","","-41","","NA"
"-86.22","66.52","NAUJAAT A","2403491","2018-01-05 09:00","2018","01","05","09:00","-32.5","","-35.8","","73","","","","27","","3","","24.1","","102.87","","","","-36","","Clear"
"-86.22","66.52","NAUJAAT A","2403491","2018-01-05 10:00","2018","01","05","10:00","-33.8","","-37.3","","71","","","","36","","3","","24.1","","102.80","","","","-37","","NA"
"-86.22","66.52","NAUJAAT A","2403491","2018-01-05 11:00","2018","01","05","11:00","-34.0","","-37.6","","71","","","","31","","3","","24.1","","102.74","","","","-38","","NA"
"-86.22","66.52","NAUJAAT A","2403491","2018-01-05 12:00","2018","01","05","12:00","-33.8","","-37.3","","71","","","","35","","5","","24.1","","102.66","","","","-40","","Mainly Clear"
"-86.22","66.52","NAUJAAT A","2403491","2018-01-05 13:00","2018","01","05","13:00","-34.4","","-37.9","","71","","","","36","","1","","24.1","","102.62","","","","-36","","NA"
"-86.22","66.52","NAUJAAT A","2403491","2018-01-05 14:00","2018","01","05","14:00","-33.4","","-36.9","","72","","","","36","","1","","24.1","","102.54","","","","-35","","NA"
"-86.22","66.52","NAUJAAT A","2403491","2018-01-05 15:00","2018","01","05","15:00","-32.5","","-36.0","","72","","","","29","","8","","24.1","","102.52","","","","-41","","Mainly Clear"
"-86.22","66.52","NAUJAAT A","2403491","2018-01-05 16:00","2018","01","05","16:00","-34.2","","-37.8","","71","","","","36","","2","","24.1","","102.48","","","","-37","","NA"
"-86.22","66.52","NAUJAAT A","2403491","2018-01-05 17:00","2018","01","05","17:00","-32.9","","-36.4","","72","","","","36","","3","","24.1","","102.45","","","","-37","","NA"
"-86.22","66.52","NAUJAAT A","2403491","2018-01-05 18:00","2018","01","05","18:00"
"-86.22","66.52","NAUJAAT A","2403491","2018-01-05 19:00","2018","01","05","19:00"
"-86.22","66.52","NAUJAAT A","2403491","2018-01-05 20:00","2018","01","05","20:00"
"-86.22","66.52","NAUJAAT A","2403491","2018-01-05 21:00","2018","01","05","21:00"
"-86.22","66.52","NAUJAAT A","2403491","2018-01-05 22:00","2018","01","05","22:00"
"-86.22","66.52","NAUJAAT A","2403491","2018-01-05 23:00","2018","01","05","23:00"
"-86.22","66.52","NAUJAAT A","2403491","2018-01-06 00:00","2018","01","06","00:00"
"-86.22","66.52","NAUJAAT A","2403491","2018-01-06 01:00","2018","01","06","01:00"
"-86.22","66.52","NAUJAAT A","2403491","2018-01-06 02:00","2018","01","06","02:00"
"-86.22","66.52","NAUJAAT A","2403491","2018-01-06 03:00","2018","01","06","03:00"
"-86.22","66.52","NAUJAAT A","2403491","2018-01-06 04:00","2018","01","06","04:00"
"-86.22","66.52","NAUJAAT A","2403491","2018-01-06 05:00","2018","01","06","05:00"
"-86.22","66.52","NAUJAAT A","2403491","2018-01-06 06:00","2018","01","06","06:00"
"-86.22","66.52","NAUJAAT A","2403491","2018-01-06 07:00","2018","01","06","07:00"
"-86.22","66.52","NAUJAAT A","2403491","2018-01-06 08:00","2018","01","06","08:00"
"-86.22","66.52","NAUJAAT A","2403491","2018-01-06 09:00","2018","01","06","09:00"
"-86.22","66.52","NAUJAAT A","2403491","2018-01-06 10:00","2018","01","06","10:00"
"-86.22","66.52","NAUJAAT A","2403491","2018-01-06 11:00","2018","01","06","11:00"
"-86.22","66.52","NAUJAAT A","2403491","2018-01-06 12:00","2018","01","06","12:00"
"-86.22","66.52","NAUJAAT A","2403491","2018-01-06 13:00","2018","01","06","13:00"
"-86.22","66.52","NAUJAAT A","2403491","2018-01-06 14:00","2018","01","06","14:00"
"-86.22","66.52","NAUJAAT A","2403491","2018-01-06 15:00","2018","01","06","15:00"
"-86.22","66.52","NAUJAAT A","2403491","2018-01-06 16:00","2018","01","06","16:00"
"-86.22","66.52","NAUJAAT A","2403491","2018-01-06 17:00","2018","01","06","17:00"
"-86.22","66.52","NAUJAAT A","2403491","2018-01-06 18:00","2018","01","06","18:00"
"-86.22","66.52","NAUJAAT A","2403491","2018-01-06 19:00","2018","01","06","19:00"
"-86.22","66.52","NAUJAAT A","2403491","2018-01-06 20:00","2018","01","06","20:00"
"-86.22","66.52","NAUJAAT A","2403491","2018-01-06 21:00","2018","01","06","21:00"
"-86.22","66.52","NAUJAAT A","2403491","2018-01-06 22:00","2018","01","06","22:00"
"-86.22","66.52","NAUJAAT A","2403491","2018-01-06 23:00","2018","01","06","23:00"
"-86.22","66.52","NAUJAAT A","2403491","2018-01-07 00:00","2018","01","07","00:00"
"-86.22","66.52","NAUJAAT A","2403491","2018-01-07 01:00","2018","01","07","01:00"
"-86.22","66.52","NAUJAAT A","2403491","2018-01-07 02:00","2018","01","07","02:00"
"-86.22","66.52","NAUJAAT A","2403491","2018-01-07 03:00","2018","01","07","03:00"
"-86.22","66.52","NAUJAAT A","2403491","2018-01-07 04:00","2018","01","07","04:00"
"-86.22","66.52","NAUJAAT A","2403491","2018-01-07 05:00","2018","01","07","05:00"
"-86.22","66.52","NAUJAAT A","2403491","2018-01-07 06:00","2018","01","07","06:00"
"-86.22","66.52","NAUJAAT A","2403491","2018-01-07 07:00","2018","01","07","07:00"
"-86.22","66.52","NAUJAAT A","2403491","2018-01-07 08:00","2018","01","07","08:00"
"-86.22","66.52","NAUJAAT A","2403491","2018-01-07 09:00","2018","01","07","09:00","-26.8","","-30.0","","75","","","","35","","10","","40.2","","100.13","","","","-35","","Mainly Clear"
"-86.22","66.52","NAUJAAT A","2403491","2018-01-07 10:00","2018","01","07","10:00","-27.0","","-30.2","","75","","","","30","","4","","40.2","","100.13","","","","-31","","NA"
"-86.22","66.52","NAUJAAT A","2403491","2018-01-07 11:00","2018","01","07","11:00","-29.1","","-32.5","","73","","","","32","","3","","40.2","","100.11","","","","-32","","NA"
"-86.22","66.52","NAUJAAT A","2403491","2018-01-07 12:00","2018","01","07","12:00","-27.8","","-31.0","","75","","","","1","","7","","40.2","","100.10","","","","-35","","Mainly Clear"
"-86.22","66.52","NAUJAAT A","2403491","2018-01-07 13:00","2018","01","07","13:00","-28.6","","-31.9","","74","","","","35","","3","","40.2","","100.13","","","","-32","","NA"
"-86.22","66.52","NAUJAAT A","2403491","2018-01-07 14:00","2018","01","07","14:00","-29.2","","-32.6","","74","","","","35","","4","","40.2","","100.13","","","","-34","","NA"
"-86.22","66.52","NAUJAAT A","2403491","2018-01-07 15:00","2018","01","07","15:00","-29.7","","-33.1","","73","","","","36","","1","","40.2","","100.15","","","","-31","","Mostly Cloudy"
"-86.22","66.52","NAUJAAT A","2403491","2018-01-07 16:00","2018","01","07","16:00"
"-86.22","66.52","NAUJAAT A","2403491","2018-01-07 17:00","2018","01","07","17:00"
"-86.22","66.52","NAUJAAT A","2403491","2018-01-07 18:00","2018","01","07","18:00"
"-86.22","66.52","NAUJAAT A","2403491","2018-01-07 19:00","2018","01","07","19:00"
"-86.22","66.52","NAUJAAT A","2403491","2018-01-07 20:00","2018","01","07","20:00"
"-86.22","66.52","NAUJAAT A","2403491","2018-01-07 21:00","2018","01","07","21:00"
"-86.22","66.52","NAUJAAT A","2403491","2018-01-07 22:00","2018","01","07","22:00"
"-86.22","66.52","NAUJAAT A","2403491","2018-01-07 23:00","2018","01","07","23:00"
"-86.22","66.52","NAUJAAT A","2403491","2018-01-08 00:00","2018","01","08","00:00"
"-86.22","66.52","NAUJAAT A","2403491","2018-01-08 01:00","2018","01","08","01:00"
"-86.22","66.52","NAUJAAT A","2403491","2018-01-08 02:00","2018","01","08","02:00"
"-86.22","66.52","NAUJAAT A","2403491","2018-01-08 03:00","2018","01","08","03:00"
"-86.22","66.52","NAUJAAT A","2403491","2018-01-08 04:00","2018","01","08","04:00"
"-86.22","66.52","NAUJAAT A","2403491","2018-01-08 05:00","2018","01","08","05:00"
"-86.22","66.52","NAUJAAT A","2403491","2018-01-08 06:00","2018","01","08","06:00"
"-86.22","66.52","NAUJAAT A","2403491","2018-01-08 07:00","2018","01","08","07:00","-20.5","","-23.2","","79","","","","10","","10","","12.9","","99.99","","","","-28","","Ice Crystals"
"-86.22","66.52","NAUJAAT A","2403491","2018-01-08 08:00","2018","01","08","08:00","-20.2","","-22.9","","79","","","","11","","10","","12.9","","99.97","","","","-27","","Ice Crystals"
"-86.22","66.52","NAUJAAT A","2403491","2018-01-08 09:00","2018","01","08","09:00","-20.0","","-22.6","","80","","","","11","","13","","9.7","","99.98","","","","-28","","Ice Crystals,Fog"
"-86.22","66.52","NAUJAAT A","2403491","2018-01-08 10:00","2018","01","08","10:00","-19.7","","-22.3","","80","","","","11","","10","","9.7","","99.98","","","","-27","","Ice Crystals,Fog"
"-86.22","66.52","NAUJAAT A","2403491","2018-01-08 11:00","2018","01","08","11:00","-19.4","","-22.0","","80","","","","11","","11","","8.1","","99.99","","","","-27","","Ice Crystals,Fog"
"-86.22","66.52","NAUJAAT A","2403491","2018-01-08 12:00","2018","01","08","12:00","-19.4","","-22.0","","80","","","","12","","11","","8.1","","99.95","","","","-27","","Snow Grains,Fog"
"-86.22","66.52","NAUJAAT A","2403491","2018-01-08 13:00","2018","01","08","13:00","-19.1","","-21.7","","81","","","","11","","9","","6.4","","99.93","","","","-26","","Snow Grains,Fog"
"-86.22","66.52","NAUJAAT A","2403491","2018-01-08 14:00","2018","01","08","14:00","-18.2","","-20.7","","81","","","","11","","7","","4.8","","99.94","","","","-24","","Snow Grains,Fog"
"-86.22","66.52","NAUJAAT A","2403491","2018-01-08 15:00","2018","01","08","15:00","-18.7","","-21.3","","81","","","","11","","8","","9.7","","99.93","","","","-25","","Snow Grains,Fog"
"-86.22","66.52","NAUJAAT A","2403491","2018-01-08 16:00","2018","01","08","16:00","-18.8","","-21.3","","81","","","","9","","15","","9.7","","99.92","","","","-28","","Snow Grains,Fog"
"-86.22","66.52","NAUJAAT A","2403491","2018-01-08 17:00","2018","01","08","17:00","-18.2","","-20.7","","81","","","","9","","14","","8.1","","99.88","","","","-27","","Snow Grains,Fog"
"-86.22","66.52","NAUJAAT A","2403491","2018-01-08 18:00","2018","01","08","18:00"
"-86.22","66.52","NAUJAAT A","2403491","2018-01-08 19:00","2018","01","08","19:00"
"-86.22","66.52","NAUJAAT A","2403491","2018-01-08 20:00","2018","01","08","20:00"
"-86.22","66.52","NAUJAAT A","2403491","2018-01-08 21:00","2018","01","08","21:00"
"-86.22","66.52","NAUJAAT A","2403491","2018-01-08 22:00","2018","01","08","22:00"
"-86.22","66.52","NAUJAAT A","2403491","2018-01-08 23:00","2018","01","08","23:00"
"-86.22","66.52","NAUJAAT A","2403491","2018-01-09 00:00","2018","01","09","00:00"
"-86.22","66.52","NAUJAAT A","2403491","2018-01-09 01:00","2018","01","09","01:00"
"-86.22","66.52","NAUJAAT A","2403491","2018-01-09 02:00","2018","01","09","02:00"
"-86.22","66.52","NAUJAAT A","2403491","2018-01-09 03:00","2018","01","09","03:00"
"-86.22","66.52","NAUJAAT A","2403491","2018-01-09 04:00","2018","01","09","04:00"
"-86.22","66.52","NAUJAAT A","2403491","2018-01-09 05:00","2018","01","09","05:00"
"-86.22","66.52","NAUJAAT A","2403491","2018-01-09 06:00","2018","01","09","06:00"
"-86.22","66.52","NAUJAAT A","2403491","2018-01-09 07:00","2018","01","09","07:00","-16.3","","-18.8","","82","","","","7","","21","","4.8","","99.49","","","","-26","","Snow"
"-86.22","66.52","NAUJAAT A","2403491","2018-01-09 08:00","2018","01","09","08:00","-16.6","","-19.0","","81","","","","8","","19","","8.1","","99.47","","","","-26","","Snow"
"-86.22","66.52","NAUJAAT A","2403491","2018-01-09 09:00","2018","01","09","09:00","-16.5","","-19.1","","80","","","","8","","20","","4.8","","99.48","","","","-26","","Snow"
"-86.22","66.52","NAUJAAT A","2403491","2018-01-09 10:00","2018","01","09","10:00","-16.8","","-19.4","","80","","","","7","","21","","4.8","","99.47","","","","-27","","Snow"
"-86.22","66.52","NAUJAAT A","2403491","2018-01-09 11:00","2018","01","09","11:00","-17.1","","-19.8","","80","","","","7","","19","","4.8","","99.48","","","","-27","","Snow"
"-86.22","66.52","NAUJAAT A","2403491","2018-01-09 12:00","2018","01","09","12:00","-17.2","","-19.9","","80","","","","6","","17","","4.8","","99.45","","","","-26","","Snow"
"-86.22","66.52","NAUJAAT A","2403491","2018-01-09 13:00","2018","01","09","13:00","-17.6","","-20.4","","79","","","","5","","17","","4.8","","99.44","","","","-27","","Snow"
"-86.22","66.52","NAUJAAT A","2403491","2018-01-09 14:00","2018","01","09","14:00","-18.1","","-20.9","","79","","","","5","","17","","4.8","","99.44","","","","-27","","Snow"
"-86.22","66.52","NAUJAAT A","2403491","2018-01-09 15:00","2018","01","09","15:00","-19.4","","-22.1","","79","","","","4","","14","","8.1","","99.49","","","","-28","","Snow"
"-86.22","66.52","NAUJAAT A","2403491","2018-01-09 16:00","2018","01","09","16:00","-19.6","","-22.4","","79","","","","4","","16","","8.1","","99.49","","","","-29","","Snow"
"-86.22","66.52","NAUJAAT A","2403491","2018-01-09 17:00","2018","01","09","17:00","-19.4","","-22.0","","80","","","","4","","15","","16.1","","99.48","","","","-28","","Snow"
"-86.22","66.52","NAUJAAT A","2403491","2018-01-09 18:00","2018","01","09","18:00"
"-86.22","66.52","NAUJAAT A","2403491","2018-01-09 19:00","2018","01","09","19:00"
"-86.22","66.52","NAUJAAT A","2403491","2018-01-09 20:00","2018","01","09","20:00"
"-86.22","66.52","NAUJAAT A","2403491","2018-01-09 21:00","2018","01","09","21:00"
"-86.22","66.52","NAUJAAT A","2403491","2018-01-09 22:00","2018","01","09","22:00"
"-86.22","66.52","NAUJAAT A","2403491","2018-01-09 23:00","2018","01","09","23:00"
"-86.22","66.52","NAUJAAT A","2403491","2018-01-10 00:00","2018","01","10","00:00"
"-86.22","66.52","NAUJAAT A","2403491","2018-01-10 01:00","2018","01","10","01:00"
"-86.22","66.52","NAUJAAT A","2403491","2018-01-10 02:00","2018","01","10","02:00"
"-86.22","66.52","NAUJAAT A","2403491","2018-01-10 03:00","2018","01","10","03:00"
"-86.22","66.52","NAUJAAT A","2403491","2018-01-10 04:00","2018","01","10","04:00"
"-86.22","66.52","NAUJAAT A","2403491","2018-01-10 05:00","2018","01","10","05:00"
"-86.22","66.52","NAUJAAT A","2403491","2018-01-10 06:00","2018","01","10","06:00"
"-86.22","66.52","NAUJAAT A","2403491","2018-01-10 07:00","2018","01","10","07:00","-23.0","","-26.3","","75","","","","35","","15","","8.1","","99.39","","","","-33","","Snow"
"-86.22","66.52","NAUJAAT A","2403491","2018-01-10 08:00","2018","01","10","08:00","-23.1","","-26.5","","74","","","","35","","21","","8.1","","99.40","","","","-35","","Snow,Blowing Snow"
"-86.22","66.52","NAUJAAT A","2403491","2018-01-10 09:00","2018","01","10","09:00","-23.3","","-26.6","","74","","","","34","","16","","8.1","","99.41","","","","-33","","Snow,Blowing Snow"
"-86.22","66.52","NAUJAAT A","2403491","2018-01-10 10:00","2018","01","10","10:00","-23.3","","-26.7","","74","","","","35","","19","","12.9","","99.39","","","","-34","","Snow,Blowing Snow"
"-86.22","66.52","NAUJAAT A","2403491","2018-01-10 11:00","2018","01","10","11:00","-23.8","","-27.3","","74","","","","35","","21","","12.9","","99.35","","","","-36","","Snow,Blowing Snow"
"-86.22","66.52","NAUJAAT A","2403491","2018-01-10 12:00","2018","01","10","12:00","-24.5","","-28.0","","73","","","","36","","28","","12.9","","99.32","","","","-38","","Snow,Blowing Snow"
"-86.22","66.52","NAUJAAT A","2403491","2018-01-10 13:00","2018","01","10","13:00","-24.9","","-28.4","","73","","","","36","","27","","16.1","","99.31","","","","-38","","Snow,Blowing Snow"
"-86.22","66.52","NAUJAAT A","2403491","2018-01-10 14:00","2018","01","10","14:00","-25.1","","-28.6","","73","","","","36","","26","","12.9","","99.29","","","","-38","","Snow,Blowing Snow"
"-86.22","66.52","NAUJAAT A","2403491","2018-01-10 15:00","2018","01","10","15:00","-25.6","","-29.2","","73","","","","35","","27","","12.9","","99.29","","","","-39","","Snow,Blowing Snow"
"-86.22","66.52","NAUJAAT A","2403491","2018-01-10 16:00","2018","01","10","16:00","-25.6","","-29.1","","73","","","","35","","29","","16.1","","99.29","","","","-40","","Snow,Blowing Snow"
"-86.22","66.52","NAUJAAT A","2403491","2018-01-10 17:00","2018","01","10","17:00","-25.8","","-29.5","","72","","","","35","","27","","16.1","","99.26","","","","-40","","Snow,Blowing Snow"
"-86.22","66.52","NAUJAAT A","2403491","2018-01-10 18:00","2018","01","10","18:00"
"-86.22","66.52","NAUJAAT A","2403491","2018-01-10 19:00","2018","01","10","19:00"
"-86.22","66.52","NAUJAAT A","2403491","2018-01-10 20:00","2018","01","10","20:00"
"-86.22","66.52","NAUJAAT A","2403491","2018-01-10 21:00","2018","01","10","21:00"
"-86.22","66.52","NAUJAAT A","2403491","2018-01-10 22:00","2018","01","10","22:00"
"-86.22","66.52","NAUJAAT A","2403491","2018-01-10 23:00","2018","01","10","23:00"
"-86.22","66.52","NAUJAAT A","2403491","2018-01-11 00:00","2018","01","11","00:00"
"-86.22","66.52","NAUJAAT A","2403491","2018-01-11 01:00","2018","01","11","01:00"
"-86.22","66.52","NAUJAAT A","2403491","2018-01-11 02:00","2018","01","11","02:00","-26.5","","-30.2","","72","","","","36","","27","","16.1","","99.10","","","","-40","","Snow,Blowing Snow"
"-86.22","66.52","NAUJAAT A","2403491","2018-01-11 03:00","2018","01","11","03:00","-27.8","","-31.5","","71","","","","1","","24","","19.3","","99.12","","","","-41","","Snow,Blowing Snow"
"-86.22","66.52","NAUJAAT A","2403491","2018-01-11 04:00","2018","01","11","04:00","-27.8","","-31.4","","72","","","","34","","18","","19.3","","99.14","","","","-40","","Snow,Blowing Snow"
"-86.22","66.52","NAUJAAT A","2403491","2018-01-11 05:00","2018","01","11","05:00","-27.3","","-31.0","","71","","","","35","","11","","24.1","","99.17","","","","-36","","Snow"
"-86.22","66.52","NAUJAAT A","2403491","2018-01-11 06:00","2018","01","11","06:00","-27.9","","-31.6","","71","","","","2","","18","","24.1","","99.18","","","","-40","","Snow"
"-86.22","66.52","NAUJAAT A","2403491","2018-01-11 07:00","2018","01","11","07:00","-28.0","","-31.9","","70","","","","2","","18","","19.3","","99.20","","","","-40","","Ice Crystals"
"-86.22","66.52","NAUJAAT A","2403491","2018-01-11 08:00","2018","01","11","08:00","-28.0","","-32.1","","68","","","","3","","20","","19.3","","99.20","","","","-41","","Ice Crystals,Blowing Snow"
"-86.22","66.52","NAUJAAT A","2403491","2018-01-11 09:00","2018","01","11","09:00","-28.8","","-32.9","","68","","","","3","","20","","16.1","","99.24","","","","-42","","Ice Crystals,Blowing Snow"
"-86.22","66.52","NAUJAAT A","2403491","2018-01-11 10:00","2018","01","11","10:00","-30.1","","-34.3","","67","","","","3","","19","","40.2","","99.29","","","","-43","","Ice Crystals"
"-86.22","66.52","NAUJAAT A","2403491","2018-01-11 11:00","2018","01","11","11:00","-30.6","","-34.6","","69","","","","5","","20","","40.2","","99.31","","","","-44","","Ice Crystals"
"-86.22","66.52","NAUJAAT A","2403491","2018-01-11 12:00","2018","01","11","12:00","-31.2","","-35.0","","70","","","","5","","18","","40.2","","99.35","","","","-44","","Clear"
"-86.22","66.52","NAUJAAT A","2403491","2018-01-11 13:00","2018","01","11","13:00","-31.7","","-35.4","","70","","","","3","","13","","40.2","","99.39","","","","-43","","NA"
"-86.22","66.52","NAUJAAT A","2403491","2018-01-11 14:00","2018","01","11","14:00","-32.2","","-35.7","","72","","","","3","","13","","40.2","","99.41","","","","-43","","NA"
"-86.22","66.52","NAUJAAT A","2403491","2018-01-11 15:00","2018","01","11","15:00","-32.6","","-36.2","","71","","","","1","","9","","40.2","","99.43","","","","-42","","Clear"
"-86.22","66.52","NAUJAAT A","2403491","2018-01-11 16:00","2018","01","11","16:00","-32.5","","-35.9","","72","","","","36","","4","","40.2","","99.44","","","","-37","","NA"
"-86.22","66.52","NAUJAAT A","2403491","2018-01-11 17:00","2018","01","11","17:00","-34.8","","-38.2","","72","","","","34","","8","","40.2","","99.46","","","","-44","","NA"
"-86.22","66.52","NAUJAAT A","2403491","2018-01-11 18:00","2018","01","11","18:00"
"-86.22","66.52","NAUJAAT A","2403491","2018-01-11 19:00","2018","01","11","19:00"
"-86.22","66.52","NAUJAAT A","2403491","2018-01-11 20:00","2018","01","11","20:00"
"-86.22","66.52","NAUJAAT A","2403491","2018-01-11 21:00","2018","01","11","21:00"
"-86.22","66.52","NAUJAAT A","2403491","2018-01-11 22:00","2018","01","11","22:00"
"-86.22","66.52","NAUJAAT A","2403491","2018-01-11 23:00","2018","01","11","23:00"
"-86.22","66.52","NAUJAAT A","2403491","2018-01-12 00:00","2018","01","12","00:00"
"-86.22","66.52","NAUJAAT A","2403491","2018-01-12 01:00","2018","01","12","01:00"
"-86.22","66.52","NAUJAAT A","2403491","2018-01-12 02:00","2018","01","12","02:00"
"-86.22","66.52","NAUJAAT A","2403491","2018-01-12 03:00","2018","01","12","03:00"
"-86.22","66.52","NAUJAAT A","2403491","2018-01-12 04:00","2018","01","12","04:00"
"-86.22","66.52","NAUJAAT A","2403491","2018-01-12 05:00","2018","01","12","05:00"
"-86.22","66.52","NAUJAAT A","2403491","2018-01-12 06:00","2018","01","12","06:00"
"-86.22","66.52","NAUJAAT A","2403491","2018-01-12 07:00","2018","01","12","07:00"
"-86.22","66.52","NAUJAAT A","2403491","2018-01-12 08:00","2018","01","12","08:00","-31.9","","-35.5","","72","","","","30","","4","","16.1","","99.39","","","","-37","","Ice Crystals"
"-86.22","66.52","NAUJAAT A","2403491","2018-01-12 09:00","2018","01","12","09:00","-32.1","","-35.7","","71","","","","30","","4","","16.1","","99.38","","","","-37","","Ice Crystals"
"-86.22","66.52","NAUJAAT A","2403491","2018-01-12 10:00","2018","01","12","10:00","-31.2","","-34.7","","72","","","","31","","5","","24.1","","99.38","","","","-37","","Ice Crystals"
"-86.22","66.52","NAUJAAT A","2403491","2018-01-12 11:00","2018","01","12","11:00","-30.3","","-33.8","","72","","","","19","","3","","24.1","","99.39","","","","-34","","Ice Crystals"
"-86.22","66.52","NAUJAAT A","2403491","2018-01-12 12:00","2018","01","12","12:00","-28.9","","-32.3","","73","","","","36","","3","","12.9","","99.40","","","","-32","","Ice Crystals"
"-86.22","66.52","NAUJAAT A","2403491","2018-01-12 13:00","2018","01","12","13:00","-29.9","","-33.3","","73","","","","17","","5","","19.3","","99.41","","","","-36","","Snow Grains"
"-86.22","66.52","NAUJAAT A","2403491","2018-01-12 14:00","2018","01","12","14:00","-26.8","","-30.0","","75","","","","29","","8","","12.9","","99.41","","","","-34","","Snow Grains"
"-86.22","66.52","NAUJAAT A","2403491","2018-01-12 15:00","2018","01","12","15:00","-27.2","","-30.4","","75","","","","30","","5","","19.3","","99.46","","","","-32","","Snow Grains"
"-86.22","66.52","NAUJAAT A","2403491","2018-01-12 16:00","2018","01","12","16:00","-27.0","","-30.4","","74","","","","31","","12","","16.1","","99.47","","","","-37","","Snow Grains"
"-86.22","66.52","NAUJAAT A","2403491","2018-01-12 17:00","2018","01","12","17:00","-26.8","","-30.1","","74","","","","33","","17","","16.1","","99.52","","","","-38","","Snow Grains"
"-86.22","66.52","NAUJAAT A","2403491","2018-01-12 18:00","2018","01","12","18:00"
"-86.22","66.52","NAUJAAT A","2403491","2018-01-12 19:00","2018","01","12","19:00"
"-86.22","66.52","NAUJAAT A","2403491","2018-01-12 20:00","2018","01","12","20:00"
"-86.22","66.52","NAUJAAT A","2403491","2018-01-12 21:00","2018","01","12","21:00"
"-86.22","66.52","NAUJAAT A","2403491","2018-01-12 22:00","2018","01","12","22:00"
"-86.22","66.52","NAUJAAT A","2403491","2018-01-12 23:00","2018","01","12","23:00"
"-86.22","66.52","NAUJAAT A","2403491","2018-01-13 00:00","2018","01","13","00:00"
"-86.22","66.52","NAUJAAT A","2403491","2018-01-13 01:00","2018","01","13","01:00"
"-86.22","66.52","NAUJAAT A","2403491","2018-01-13 02:00","2018","01","13","02:00"
"-86.22","66.52","NAUJAAT A","2403491","2018-01-13 03:00","2018","01","13","03:00"
"-86.22","66.52","NAUJAAT A","2403491","2018-01-13 04:00","2018","01","13","04:00"
"-86.22","66.52","NAUJAAT A","2403491","2018-01-13 05:00","2018","01","13","05:00"
"-86.22","66.52","NAUJAAT A","2403491","2018-01-13 06:00","2018","01","13","06:00"
"-86.22","66.52","NAUJAAT A","2403491","2018-01-13 07:00","2018","01","13","07:00"
"-86.22","66.52","NAUJAAT A","2403491","2018-01-13 08:00","2018","01","13","08:00"
"-86.22","66.52","NAUJAAT A","2403491","2018-01-13 09:00","2018","01","13","09:00","-28.5","","-32.1","","72","","","","33","","10","","24.1","","99.77","","","","-37","","Mostly Cloudy"
"-86.22","66.52","NAUJAAT A","2403491","2018-01-13 10:00","2018","01","13","10:00","-29.0","","-32.5","","72","","","","31","","7","","24.1","","99.83","","","","-36","","NA"
"-86.22","66.52","NAUJAAT A","2403491","2018-01-13 11:00","2018","01","13","11:00","-31.3","","-34.7","","73","","","","0","","1","","24.1","","99.88","","","","-32","","NA"
"-86.22","66.52","NAUJAAT A","2403491","2018-01-13 12:00","2018","01","13","12:00","-29.6","","-33.3","","71","","","","34","","13","","24.1","","99.93","","","","-40","","Mostly Cloudy"
"-86.22","66.52","NAUJAAT A","2403491","2018-01-13 13:00","2018","01","13","13:00","-28.6","","-32.4","","71","","","","35","","16","","24.1","","100.01","","","","-40","","NA"
"-86.22","66.52","NAUJAAT A","2403491","2018-01-13 14:00","2018","01","13","14:00","-28.6","","-32.4","","71","","","","30","","6","","24.1","","100.07","","","","-35","","NA"
"-86.22","66.52","NAUJAAT A","2403491","2018-01-13 15:00","2018","01","13","15:00","-28.8","","-32.5","","71","","","","36","","17","","24.1","","100.17","","","","-41","","Mostly Cloudy"
"-86.22","66.52","NAUJAAT A","2403491","2018-01-13 16:00","2018","01","13","16:00"
"-86.22","66.52","NAUJAAT A","2403491","2018-01-13 17:00","2018","01","13","17:00"
"-86.22","66.52","NAUJAAT A","2403491","2018-01-13 18:00","2018","01","13","18:00"
"-86.22","66.52","NAUJAAT A","2403491","2018-01-13 19:00","2018","01","13","19:00"
"-86.22","66.52","NAUJAAT A","2403491","2018-01-13 20:00","2018","01","13","20:00"
"-86.22","66.52","NAUJAAT A","2403491","2018-01-13 21:00","2018","01","13","21:00"
"-86.22","66.52","NAUJAAT A","2403491","2018-01-13 22:00","2018","01","13","22:00"
"-86.22","66.52","NAUJAAT A","2403491","2018-01-13 23:00","2018","01","13","23:00"
"-86.22","66.52","NAUJAAT A","2403491","2018-01-14 00:00","2018","01","14","00:00"
"-86.22","66.52","NAUJAAT A","2403491","2018-01-14 01:00","2018","01","14","01:00"
"-86.22","66.52","NAUJAAT A","2403491","2018-01-14 02:00","2018","01","14","02:00"
"-86.22","66.52","NAUJAAT A","2403491","2018-01-14 03:00","2018","01","14","03:00"
"-86.22","66.52","NAUJAAT A","2403491","2018-01-14 04:00","2018","01","14","04:00"
"-86.22","66.52","NAUJAAT A","2403491","2018-01-14 05:00","2018","01","14","05:00"
"-86.22","66.52","NAUJAAT A","2403491","2018-01-14 06:00","2018","01","14","06:00"
"-86.22","66.52","NAUJAAT A","2403491","2018-01-14 07:00","2018","01","14","07:00"
"-86.22","66.52","NAUJAAT A","2403491","2018-01-14 08:00","2018","01","14","08:00"
"-86.22","66.52","NAUJAAT A","2403491","2018-01-14 09:00","2018","01","14","09:00","-32.4","","-36.4","","69","","","","35","","25","","24.1","","101.39","","","","-48","","Blowing Snow"
"-86.22","66.52","NAUJAAT A","2403491","2018-01-14 10:00","2018","01","14","10:00","-32.3","","-36.3","","68","","","","26","","15","","24.1","","101.49","","","","-44","","NA"
"-86.22","66.52","NAUJAAT A","2403491","2018-01-14 11:00","2018","01","14","11:00","-32.0","","-35.7","","70","","","","28","","8","","24.1","","101.50","","","","-40","","NA"
"-86.22","66.52","NAUJAAT A","2403491","2018-01-14 12:00","2018","01","14","12:00","-31.5","","-35.4","","69","","","","31","","16","","24.1","","101.50","","","","-44","","Mostly Cloudy"
"-86.22","66.52","NAUJAAT A","2403491","2018-01-14 13:00","2018","01","14","13:00","-31.6","","-35.4","","70","","","","30","","16","","24.1","","101.53","","","","-44","","NA"
"-86.22","66.52","NAUJAAT A","2403491","2018-01-14 14:00","2018","01","14","14:00","-31.1","","-35.2","","68","","","","31","","11","","24.1","","101.53","","","","-41","","NA"
"-86.22","66.52","NAUJAAT A","2403491","2018-01-14 15:00","2018","01","14","15:00","-28.6","","-32.8","","68","","","","30","","13","","24.1","","101.55","","","","-39","","Mostly Cloudy"
"-86.22","66.52","NAUJAAT A","2403491","2018-01-14 16:00","2018","01","14","16:00"
"-86.22","66.52","NAUJAAT A","2403491","2018-01-14 17:00","2018","01","14","17:00"
"-86.22","66.52","NAUJAAT A","2403491","2018-01-14 18:00","2018","01","14","18:00"
"-86.22","66.52","NAUJAAT A","2403491","2018-01-14 19:00","2018","01","14","19:00"
"-86.22","66.52","NAUJAAT A","2403491","2018-01-14 20:00","2018","01","14","20:00"
"-86.22","66.52","NAUJAAT A","2403491","2018-01-14 21:00","2018","01","14","21:00"
"-86.22","66.52","NAUJAAT A","2403491","2018-01-14 22:00","2018","01","14","22:00"
"-86.22","66.52","NAUJAAT A","2403491","2018-01-14 23:00","2018","01","14","23:00"
"-86.22","66.52","NAUJAAT A","2403491","2018-01-15 00:00","2018","01","15","00:00"
"-86.22","66.52","NAUJAAT A","2403491","2018-01-15 01:00","2018","01","15","01:00"
"-86.22","66.52","NAUJAAT A","2403491","2018-01-15 02:00","2018","01","15","02:00"
"-86.22","66.52","NAUJAAT A","2403491","2018-01-15 03:00","2018","01","15","03:00"
"-86.22","66.52","NAUJAAT A","2403491","2018-01-15 04:00","2018","01","15","04:00"
"-86.22","66.52","NAUJAAT A","2403491","2018-01-15 05:00","2018","01","15","05:00"
"-86.22","66.52","NAUJAAT A","2403491","2018-01-15 06:00","2018","01","15","06:00"
"-86.22","66.52","NAUJAAT A","2403491","2018-01-15 07:00","2018","01","15","07:00","-29.5","","-33.2","","71","","","","20","","9","","24.1","","101.89","","","","-38","","NA"
"-86.22","66.52","NAUJAAT A","2403491","2018-01-15 08:00","2018","01","15","08:00","-29.7","","-33.5","","70","","","","27","","5","","24.1","","101.91","","","","-35","","NA"
"-86.22","66.52","NAUJAAT A","2403491","2018-01-15 09:00","2018","01","15","09:00","-29.8","","-33.7","","69","","","","31","","10","","24.1","","101.93","","","","-39","","Mainly Clear"
"-86.22","66.52","NAUJAAT A","2403491","2018-01-15 10:00","2018","01","15","10:00","-30.1","","-33.8","","71","","","","31","","8","","24.1","","101.89","","","","-38","","NA"
"-86.22","66.52","NAUJAAT A","2403491","2018-01-15 11:00","2018","01","15","11:00","-29.6","","-33.2","","71","","","","32","","9","","24.1","","101.80","","","","-38","","Blowing Snow"
"-86.22","66.52","NAUJAAT A","2403491","2018-01-15 12:00","2018","01","15","12:00","-30.6","","-34.3","","71","","","","31","","9","","24.1","","101.82","","","","-39","","Mainly Clear"
"-86.22","66.52","NAUJAAT A","2403491","2018-01-15 13:00","2018","01","15","13:00","-31.4","","-35.0","","71","","","","25","","10","","24.1","","101.84","","","","-41","","NA"
"-86.22","66.52","NAUJAAT A","2403491","2018-01-15 14:00","2018","01","15","14:00","-32.1","","-35.6","","72","","","","23","","6","","24.1","","101.80","","","","-39","","NA"
"-86.22","66.52","NAUJAAT A","2403491","2018-01-15 15:00","2018","01","15","15:00","-32.1","","-35.5","","72","","","","33","","7","","24.1","","101.78","","","","-40","","Mainly Clear"
"-86.22","66.52","NAUJAAT A","2403491","2018-01-15 16:00","2018","01","15","16:00","-33.4","","-36.9","","71","","","","36","","5","","24.1","","101.76","","","","-39","","NA"
"-86.22","66.52","NAUJAAT A","2403491","2018-01-15 17:00","2018","01","15","17:00","-32.4","","-35.9","","71","","","","35","","7","","24.1","","101.68","","","","-40","","NA"
"-86.22","66.52","NAUJAAT A","2403491","2018-01-15 18:00","2018","01","15","18:00"
"-86.22","66.52","NAUJAAT A","2403491","2018-01-15 19:00","2018","01","15","19:00"
"-86.22","66.52","NAUJAAT A","2403491","2018-01-15 20:00","2018","01","15","20:00"
"-86.22","66.52","NAUJAAT A","2403491","2018-01-15 21:00","2018","01","15","21:00"
"-86.22","66.52","NAUJAAT A","2403491","2018-01-15 22:00","2018","01","15","22:00"
"-86.22","66.52","NAUJAAT A","2403491","2018-01-15 23:00","2018","01","15","23:00"
"-86.22","66.52","NAUJAAT A","2403491","2018-01-16 00:00","2018","01","16","00:00"
"-86.22","66.52","NAUJAAT A","2403491","2018-01-16 01:00","2018","01","16","01:00"
"-86.22","66.52","NAUJAAT A","2403491","2018-01-16 02:00","2018","01","16","02:00"
"-86.22","66.52","NAUJAAT A","2403491","2018-01-16 03:00","2018","01","16","03:00"
"-86.22","66.52","NAUJAAT A","2403491","2018-01-16 04:00","2018","01","16","04:00"
"-86.22","66.52","NAUJAAT A","2403491","2018-01-16 05:00","2018","01","16","05:00"
"-86.22","66.52","NAUJAAT A","2403491","2018-01-16 06:00","2018","01","16","06:00"
"-86.22","66.52","NAUJAAT A","2403491","2018-01-16 07:00","2018","01","16","07:00","-26.8","","-30.0","","75","","","","24","","3","","24.1","","101.18","","","","-30","","Snow Grains"
"-86.22","66.52","NAUJAAT A","2403491","2018-01-16 08:00","2018","01","16","08:00","-27.4","","-30.7","","74","","","","26","","4","","24.1","","101.15","","","","-32","","Snow Grains"
"-86.22","66.52","NAUJAAT A","2403491","2018-01-16 09:00","2018","01","16","09:00","-26.0","","-29.2","","75","","","","6","","15","","16.1","","101.13","","","","-36","","Snow Grains"
"-86.22","66.52","NAUJAAT A","2403491","2018-01-16 10:00","2018","01","16","10:00","-25.7","","-28.9","","75","","","","7","","16","","12.9","","101.16","","","","-36","","Snow Grains"
"-86.22","66.52","NAUJAAT A","2403491","2018-01-16 11:00","2018","01","16","11:00","-26.1","","-29.3","","75","","","","28","","5","","16.1","","101.16","","","","-31","","Snow Grains"
"-86.22","66.52","NAUJAAT A","2403491","2018-01-16 12:00","2018","01","16","12:00","-25.7","","-28.9","","75","","","","9","","7","","19.3","","101.15","","","","-32","","Snow Grains"
"-86.22","66.52","NAUJAAT A","2403491","2018-01-16 13:00","2018","01","16","13:00","-25.4","","-28.6","","75","","","","6","","10","","19.3","","101.13","","","","-34","","NA"
"-86.22","66.52","NAUJAAT A","2403491","2018-01-16 14:00","2018","01","16","14:00","-24.9","","-28.0","","76","","","","36","","3","","12.9","","101.16","","","","-28","","NA"
"-86.22","66.52","NAUJAAT A","2403491","2018-01-16 15:00","2018","01","16","15:00","-24.2","","-27.3","","76","","","","36","","3","","12.9","","101.21","","","","-27","","Snow Grains"
"-86.22","66.52","NAUJAAT A","2403491","2018-01-16 16:00","2018","01","16","16:00","-24.6","","-27.6","","76","","","","3","","5","","11.3","","101.25","","","","-29","","Snow Grains"
"-86.22","66.52","NAUJAAT A","2403491","2018-01-16 17:00","2018","01","16","17:00","-25.2","","-28.4","","76","","","","34","","8","","9.7","","101.27","","","","-32","","Snow Grains"
"-86.22","66.52","NAUJAAT A","2403491","2018-01-16 18:00","2018","01","16","18:00"
"-86.22","66.52","NAUJAAT A","2403491","2018-01-16 19:00","2018","01","16","19:00"
"-86.22","66.52","NAUJAAT A","2403491","2018-01-16 20:00","2018","01","16","20:00"
"-86.22","66.52","NAUJAAT A","2403491","2018-01-16 21:00","2018","01","16","21:00"
"-86.22","66.52","NAUJAAT A","2403491","2018-01-16 22:00","2018","01","16","22:00"
"-86.22","66.52","NAUJAAT A","2403491","2018-01-16 23:00","2018","01","16","23:00"
"-86.22","66.52","NAUJAAT A","2403491","2018-01-17 00:00","2018","01","17","00:00"
"-86.22","66.52","NAUJAAT A","2403491","2018-01-17 01:00","2018","01","17","01:00"
"-86.22","66.52","NAUJAAT A","2403491","2018-01-17 02:00","2018","01","17","02:00"
"-86.22","66.52","NAUJAAT A","2403491","2018-01-17 03:00","2018","01","17","03:00"
"-86.22","66.52","NAUJAAT A","2403491","2018-01-17 04:00","2018","01","17","04:00"
"-86.22","66.52","NAUJAAT A","2403491","2018-01-17 05:00","2018","01","17","05:00"
"-86.22","66.52","NAUJAAT A","2403491","2018-01-17 06:00","2018","01","17","06:00"
"-86.22","66.52","NAUJAAT A","2403491","2018-01-17 07:00","2018","01","17","07:00","-30.2","","-33.6","","73","","","","1","","17","","24.1","","101.10","","","","-42","","Ice Crystals"
"-86.22","66.52","NAUJAAT A","2403491","2018-01-17 08:00","2018","01","17","08:00","-29.5","","-33.0","","73","","","","1","","23","","32.2","","101.08","","","","-43","","Ice Crystals"
"-86.22","66.52","NAUJAAT A","2403491","2018-01-17 09:00","2018","01","17","09:00","-28.2","","-31.5","","74","","","","1","","21","","32.2","","101.05","","","","-41","","Ice Crystals"
"-86.22","66.52","NAUJAAT A","2403491","2018-01-17 10:00","2018","01","17","10:00","-26.6","","-29.9","","75","","","","1","","23","","32.2","","101.02","","","","-40","","NA"
"-86.22","66.52","NAUJAAT A","2403491","2018-01-17 11:00","2018","01","17","11:00","-26.5","","-29.7","","75","","","","36","","19","","12.9","","101.00","","","","-38","","Snow,Blowing Snow"
"-86.22","66.52","NAUJAAT A","2403491","2018-01-17 12:00","2018","01","17","12:00","-28.6","","-31.9","","73","","","","1","","22","","24.1","","100.98","","","","-42","","Blowing Snow"
"-86.22","66.52","NAUJAAT A","2403491","2018-01-17 13:00","2018","01","17","13:00","-28.7","","-32.0","","73","","","","1","","25","","24.1","","100.98","","","","-43","","Blowing Snow"
"-86.22","66.52","NAUJAAT A","2403491","2018-01-17 14:00","2018","01","17","14:00","-28.7","","-32.1","","73","","","","1","","25","","40.2","","101.01","","","","-43","","Blowing Snow"
"-86.22","66.52","NAUJAAT A","2403491","2018-01-17 15:00","2018","01","17","15:00","-28.2","","-31.5","","74","","","","2","","18","","40.2","","100.98","","","","-40","","Mainly Clear"
"-86.22","66.52","NAUJAAT A","2403491","2018-01-17 16:00","2018","01","17","16:00","-28.9","","-32.3","","73","","","","4","","13","","40.2","","100.98","","","","-39","","NA"
"-86.22","66.52","NAUJAAT A","2403491","2018-01-17 17:00","2018","01","17","17:00","-29.2","","-32.5","","73","","","","31","","6","","40.2","","101.05","","","","-36","","NA"
"-86.22","66.52","NAUJAAT A","2403491","2018-01-17 18:00","2018","01","17","18:00"
"-86.22","66.52","NAUJAAT A","2403491","2018-01-17 19:00","2018","01","17","19:00"
"-86.22","66.52","NAUJAAT A","2403491","2018-01-17 20:00","2018","01","17","20:00"
"-86.22","66.52","NAUJAAT A","2403491","2018-01-17 21:00","2018","01","17","21:00"
"-86.22","66.52","NAUJAAT A","2403491","2018-01-17 22:00","2018","01","17","22:00"
"-86.22","66.52","NAUJAAT A","2403491","2018-01-17 23:00","2018","01","17","23:00"
"-86.22","66.52","NAUJAAT A","2403491","2018-01-18 00:00","2018","01","18","00:00"
"-86.22","66.52","NAUJAAT A","2403491","2018-01-18 01:00","2018","01","18","01:00"
"-86.22","66.52","NAUJAAT A","2403491","2018-01-18 02:00","2018","01","18","02:00"
"-86.22","66.52","NAUJAAT A","2403491","2018-01-18 03:00","2018","01","18","03:00"
"-86.22","66.52","NAUJAAT A","2403491","2018-01-18 04:00","2018","01","18","04:00"
"-86.22","66.52","NAUJAAT A","2403491","2018-01-18 05:00","2018","01","18","05:00"
"-86.22","66.52","NAUJAAT A","2403491","2018-01-18 06:00","2018","01","18","06:00"
"-86.22","66.52","NAUJAAT A","2403491","2018-01-18 07:00","2018","01","18","07:00","-33.3","","-36.9","","71","","","","1","","13","","24.1","","101.01","","","","-45","","NA"
"-86.22","66.52","NAUJAAT A","2403491","2018-01-18 08:00","2018","01","18","08:00","-32.8","","-36.4","","71","","","","1","","17","","24.1","","101.01","","","","-46","","NA"
"-86.22","66.52","NAUJAAT A","2403491","2018-01-18 09:00","2018","01","18","09:00","-33.9","","-37.6","","70","","","","1","","16","","24.1","","101.04","","","","-47","","Mainly Clear"
"-86.22","66.52","NAUJAAT A","2403491","2018-01-18 10:00","2018","01","18","10:00","-33.6","","-37.3","","71","","","","1","","16","","24.1","","101.04","","","","-46","","NA"
"-86.22","66.52","NAUJAAT A","2403491","2018-01-18 11:00","2018","01","18","11:00","-33.9","","-37.6","","70","","","","35","","11","","24.1","","101.05","","","","-44","","NA"
"-86.22","66.52","NAUJAAT A","2403491","2018-01-18 12:00","2018","01","18","12:00","-32.3","","-35.9","","71","","","","3","","19","","24.1","","101.09","","","","-46","","Mostly Cloudy"
"-86.22","66.52","NAUJAAT A","2403491","2018-01-18 13:00","2018","01","18","13:00","-32.8","","-36.4","","71","","","","27","","5","","24.1","","101.06","","","","-39","","NA"
"-86.22","66.52","NAUJAAT A","2403491","2018-01-18 14:00","2018","01","18","14:00","-32.5","","-36.1","","71","","","","2","","16","","24.1","","101.08","","","","-45","","NA"
"-86.22","66.52","NAUJAAT A","2403491","2018-01-18 15:00","2018","01","18","15:00","-32.6","","-36.2","","71","","","","1","","10","","24.1","","101.10","","","","-42","","Mostly Cloudy"
"-86.22","66.52","NAUJAAT A","2403491","2018-01-18 16:00","2018","01","18","16:00","-32.1","","-35.6","","71","","","","2","","17","","24.1","","101.11","","","","-45","","NA"
"-86.22","66.52","NAUJAAT A","2403491","2018-01-18 17:00","2018","01","18","17:00","-31.1","","-34.6","","72","","","","2","","19","","24.1","","101.11","","","","-44","","NA"
"-86.22","66.52","NAUJAAT A","2403491","2018-01-18 18:00","2018","01","18","18:00"
"-86.22","66.52","NAUJAAT A","2403491","2018-01-18 19:00","2018","01","18","19:00"
"-86.22","66.52","NAUJAAT A","2403491","2018-01-18 20:00","2018","01","18","20:00"
"-86.22","66.52","NAUJAAT A","2403491","2018-01-18 21:00","2018","01","18","21:00"
"-86.22","66.52","NAUJAAT A","2403491","2018-01-18 22:00","2018","01","18","22:00"
"-86.22","66.52","NAUJAAT A","2403491","2018-01-18 23:00","2018","01","18","23:00"
"-86.22","66.52","NAUJAAT A","2403491","2018-01-19 00:00","2018","01","19","00:00"
"-86.22","66.52","NAUJAAT A","2403491","2018-01-19 01:00","2018","01","19","01:00"
"-86.22","66.52","NAUJAAT A","2403491","2018-01-19 02:00","2018","01","19","02:00"
"-86.22","66.52","NAUJAAT A","2403491","2018-01-19 03:00","2018","01","19","03:00"
"-86.22","66.52","NAUJAAT A","2403491","2018-01-19 04:00","2018","01","19","04:00"
"-86.22","66.52","NAUJAAT A","2403491","2018-01-19 05:00","2018","01","19","05:00"
"-86.22","66.52","NAUJAAT A","2403491","2018-01-19 06:00","2018","01","19","06:00"
"-86.22","66.52","NAUJAAT A","2403491","2018-01-19 07:00","2018","01","19","07:00","-34.9","","-38.6","","70","","","","1","","24","","40.2","","101.35","","","","-50","","NA"
"-86.22","66.52","NAUJAAT A","2403491","2018-01-19 08:00","2018","01","19","08:00","-34.0","","-37.7","","70","","","","36","","14","","40.2","","101.35","","","","-46","","NA"
"-86.22","66.52","NAUJAAT A","2403491","2018-01-19 09:00","2018","01","19","09:00","-33.7","","-37.3","","71","","","","36","","13","","40.2","","101.41","","","","-45","","Clear"
"-86.22","66.52","NAUJAAT A","2403491","2018-01-19 10:00","2018","01","19","10:00","-34.0","","-37.7","","70","","","","1","","20","","40.2","","101.41","","","","-48","","NA"
"-86.22","66.52","NAUJAAT A","2403491","2018-01-19 11:00","2018","01","19","11:00","-34.2","","-37.8","","70","","","","34","","6","","40.2","","101.44","","","","-41","","NA"
"-86.22","66.52","NAUJAAT A","2403491","2018-01-19 12:00","2018","01","19","12:00","-34.8","","-38.5","","70","","","","29","","11","","40.2","","101.48","","","","-45","","Mainly Clear"
"-86.22","66.52","NAUJAAT A","2403491","2018-01-19 13:00","2018","01","19","13:00","-33.1","","-36.8","","71","","","","33","","12","","40.2","","101.51","","","","-44","","NA"
"-86.22","66.52","NAUJAAT A","2403491","2018-01-19 14:00","2018","01","19","14:00","-33.0","","-36.6","","71","","","","1","","25","","40.2","","101.50","","","","-48","","Blowing Snow"
"-86.22","66.52","NAUJAAT A","2403491","2018-01-19 15:00","2018","01","19","15:00","-34.0","","-37.7","","70","","","","36","","17","","40.2","","101.53","","","","-47","","Blowing Snow"
"-86.22","66.52","NAUJAAT A","2403491","2018-01-19 16:00","2018","01","19","16:00","-34.0","","-37.7","","70","","","","1","","28","","40.2","","101.55","","","","-50","","Blowing Snow"
"-86.22","66.52","NAUJAAT A","2403491","2018-01-19 17:00","2018","01","19","17:00","-33.5","","-37.1","","71","","","","36","","15","","40.2","","101.57","","","","-46","","NA"
"-86.22","66.52","NAUJAAT A","2403491","2018-01-19 18:00","2018","01","19","18:00"
"-86.22","66.52","NAUJAAT A","2403491","2018-01-19 19:00","2018","01","19","19:00"
"-86.22","66.52","NAUJAAT A","2403491","2018-01-19 20:00","2018","01","19","20:00"
"-86.22","66.52","NAUJAAT A","2403491","2018-01-19 21:00","2018","01","19","21:00"
"-86.22","66.52","NAUJAAT A","2403491","2018-01-19 22:00","2018","01","19","22:00"
"-86.22","66.52","NAUJAAT A","2403491","2018-01-19 23:00","2018","01","19","23:00"
"-86.22","66.52","NAUJAAT A","2403491","2018-01-20 00:00","2018","01","20","00:00"
"-86.22","66.52","NAUJAAT A","2403491","2018-01-20 01:00","2018","01","20","01:00"
"-86.22","66.52","NAUJAAT A","2403491","2018-01-20 02:00","2018","01","20","02:00"
"-86.22","66.52","NAUJAAT A","2403491","2018-01-20 03:00","2018","01","20","03:00"
"-86.22","66.52","NAUJAAT A","2403491","2018-01-20 04:00","2018","01","20","04:00"
"-86.22","66.52","NAUJAAT A","2403491","2018-01-20 05:00","2018","01","20","05:00"
"-86.22","66.52","NAUJAAT A","2403491","2018-01-20 06:00","2018","01","20","06:00"
"-86.22","66.52","NAUJAAT A","2403491","2018-01-20 07:00","2018","01","20","07:00"
"-86.22","66.52","NAUJAAT A","2403491","2018-01-20 08:00","2018","01","20","08:00"
"-86.22","66.52","NAUJAAT A","2403491","2018-01-20 09:00","2018","01","20","09:00","-32.2","","-35.8","","71","","","","34","","40","","0.6","","101.68","","","","-50","","Ice Crystals,Blowing Snow"
"-86.22","66.52","NAUJAAT A","2403491","2018-01-20 10:00","2018","01","20","10:00","-31.8","","-35.4","","71","","","","34","","39","","1.2","","101.72","","","","-50","","Ice Crystals,Blowing Snow"
"-86.22","66.52","NAUJAAT A","2403491","2018-01-20 11:00","2018","01","20","11:00","-31.3","","-34.8","","72","","","","34","","32","","1.6","","101.70","","","","-48","","Ice Crystals,Blowing Snow"
"-86.22","66.52","NAUJAAT A","2403491","2018-01-20 12:00","2018","01","20","12:00","-31.2","","-34.8","","72","","","","34","","32","","1.6","","101.69","","","","-48","","Ice Crystals,Blowing Snow"
"-86.22","66.52","NAUJAAT A","2403491","2018-01-20 13:00","2018","01","20","13:00","-30.9","","-34.5","","72","","","","35","","40","","0.8","","101.70","","","","-49","","Ice Crystals,Blowing Snow"
"-86.22","66.52","NAUJAAT A","2403491","2018-01-20 14:00","2018","01","20","14:00","-31.3","","-34.8","","72","","","","35","","36","","1.6","","101.74","","","","-49","","Ice Crystals,Blowing Snow"
"-86.22","66.52","NAUJAAT A","2403491","2018-01-20 15:00","2018","01","20","15:00","-31.9","","-35.5","","71","","","","35","","34","","0.8","","101.78","","","","-49","","Ice Crystals,Blowing Snow"
"-86.22","66.52","NAUJAAT A","2403491","2018-01-20 16:00","2018","01","20","16:00"
"-86.22","66.52","NAUJAAT A","2403491","2018-01-20 17:00","2018","01","20","17:00"
"-86.22","66.52","NAUJAAT A","2403491","2018-01-20 18:00","2018","01","20","18:00"
"-86.22","66.52","NAUJAAT A","2403491","2018-01-20 19:00","2018","01","20","19:00"
"-86.22","66.52","NAUJAAT A","2403491","2018-01-20 20:00","2018","01","20","20:00"
"-86.22","66.52","NAUJAAT A","2403491","2018-01-20 21:00","2018","01","20","21:00"
"-86.22","66.52","NAUJAAT A","2403491","2018-01-20 22:00","2018","01","20","22:00"
"-86.22","66.52","NAUJAAT A","2403491","2018-01-20 23:00","2018","01","20","23:00"
"-86.22","66.52","NAUJAAT A","2403491","2018-01-21 00:00","2018","01","21","00:00"
"-86.22","66.52","NAUJAAT A","2403491","2018-01-21 01:00","2018","01","21","01:00"
"-86.22","66.52","NAUJAAT A","2403491","2018-01-21 02:00","2018","01","21","02:00"
"-86.22","66.52","NAUJAAT A","2403491","2018-01-21 03:00","2018","01","21","03:00"
"-86.22","66.52","NAUJAAT A","2403491","2018-01-21 04:00","2018","01","21","04:00"
"-86.22","66.52","NAUJAAT A","2403491","2018-01-21 05:00","2018","01","21","05:00"
"-86.22","66.52","NAUJAAT A","2403491","2018-01-21 06:00","2018","01","21","06:00"
"-86.22","66.52","NAUJAAT A","2403491","2018-01-21 07:00","2018","01","21","07:00"
"-86.22","66.52","NAUJAAT A","2403491","2018-01-21 08:00","2018","01","21","08:00"
"-86.22","66.52","NAUJAAT A","2403491","2018-01-21 09:00","2018","01","21","09:00","-28.3","","-31.7","","73","","","","34","","50","","0.0","","101.53","","","","-47","","Ice Crystals,Blowing Snow"
"-86.22","66.52","NAUJAAT A","2403491","2018-01-21 10:00","2018","01","21","10:00","-28.6","","-32.0","","73","","","","35","","53","","0.0","","101.48","","","","-48","","Ice Crystals,Blowing Snow"
"-86.22","66.52","NAUJAAT A","2403491","2018-01-21 11:00","2018","01","21","11:00","-28.3","","-31.7","","73","","","","35","","61","","0.0","","101.45","","","","-48","","Ice Crystals,Blowing Snow"
"-86.22","66.52","NAUJAAT A","2403491","2018-01-21 12:00","2018","01","21","12:00","-28.3","","-31.7","","73","","","","35","","58","","0.0","","101.43","","","","-48","","Ice Crystals,Blowing Snow"
"-86.22","66.52","NAUJAAT A","2403491","2018-01-21 13:00","2018","01","21","13:00","-28.6","","-31.9","","73","","","","34","","50","","0.2","","101.48","","","","-47","","Ice Crystals,Blowing Snow"
"-86.22","66.52","NAUJAAT A","2403491","2018-01-21 14:00","2018","01","21","14:00","-28.8","","-32.2","","73","","","","34","","46","","0.0","","101.44","","","","-47","","Ice Crystals,Blowing Snow"
"-86.22","66.52","NAUJAAT A","2403491","2018-01-21 15:00","2018","01","21","15:00","-28.7","","-32.1","","73","","","","34","","59","","0.0","","101.44","","","","-48","","Ice Crystals,Blowing Snow"
"-86.22","66.52","NAUJAAT A","2403491","2018-01-21 16:00","2018","01","21","16:00"
"-86.22","66.52","NAUJAAT A","2403491","2018-01-21 17:00","2018","01","21","17:00"
"-86.22","66.52","NAUJAAT A","2403491","2018-01-21 18:00","2018","01","21","18:00"
"-86.22","66.52","NAUJAAT A","2403491","2018-01-21 19:00","2018","01","21","19:00"
"-86.22","66.52","NAUJAAT A","2403491","2018-01-21 20:00","2018","01","21","20:00"
"-86.22","66.52","NAUJAAT A","2403491","2018-01-21 21:00","2018","01","21","21:00"
"-86.22","66.52","NAUJAAT A","2403491","2018-01-21 22:00","2018","01","21","22:00"
"-86.22","66.52","NAUJAAT A","2403491","2018-01-21 23:00","2018","01","21","23:00"
"-86.22","66.52","NAUJAAT A","2403491","2018-01-22 00:00","2018","01","22","00:00"
"-86.22","66.52","NAUJAAT A","2403491","2018-01-22 01:00","2018","01","22","01:00"
"-86.22","66.52","NAUJAAT A","2403491","2018-01-22 02:00","2018","01","22","02:00"
"-86.22","66.52","NAUJAAT A","2403491","2018-01-22 03:00","2018","01","22","03:00"
"-86.22","66.52","NAUJAAT A","2403491","2018-01-22 04:00","2018","01","22","04:00"
"-86.22","66.52","NAUJAAT A","2403491","2018-01-22 05:00","2018","01","22","05:00"
"-86.22","66.52","NAUJAAT A","2403491","2018-01-22 06:00","2018","01","22","06:00"
"-86.22","66.52","NAUJAAT A","2403491","2018-01-22 07:00","2018","01","22","07:00","-27.8","","-31.1","","74","","","","34","","51","","0.0","","101.62","","","","-46","","Ice Crystals,Blowing Snow"
"-86.22","66.52","NAUJAAT A","2403491","2018-01-22 08:00","2018","01","22","08:00","-25.8","","-29.0","","75","","","","36","","71","","0.0","","101.63","","","","-46","","Ice Crystals,Blowing Snow"
"-86.22","66.52","NAUJAAT A","2403491","2018-01-22 09:00","2018","01","22","09:00","-26.7","","-29.9","","75","","","","35","","53","","0.0","","101.74","","","","-45","","Ice Crystals,Blowing Snow"
"-86.22","66.52","NAUJAAT A","2403491","2018-01-22 10:00","2018","01","22","10:00","-26.4","","-29.6","","75","","","","35","","59","","0.0","","101.69","","","","-45","","Ice Crystals,Blowing Snow"
"-86.22","66.52","NAUJAAT A","2403491","2018-01-22 11:00","2018","01","22","11:00","-26.6","","-29.8","","75","","","","33","","20","","0.0","","101.88","","","","-39","","Ice Crystals,Blowing Snow"
"-86.22","66.52","NAUJAAT A","2403491","2018-01-22 12:00","2018","01","22","12:00","-26.9","","-30.2","","74","","","","32","","17","","1.2","","102.05","","","","-38","","Ice Crystals"
"-86.22","66.52","NAUJAAT A","2403491","2018-01-22 13:00","2018","01","22","13:00","-27.3","","-30.6","","74","","","","30","","19","","0.8","","102.07","","","","-39","","Ice Crystals,Blowing Snow"
"-86.22","66.52","NAUJAAT A","2403491","2018-01-22 14:00","2018","01","22","14:00","-27.4","","-30.7","","74","","","","34","","46","","0.0","","101.94","","","","-45","","Ice Crystals,Blowing Snow"
"-86.22","66.52","NAUJAAT A","2403491","2018-01-22 15:00","2018","01","22","15:00","-27.1","","-30.4","","74","","","","32","","18","","0.6","","102.09","","","","-39","","Ice Crystals,Blowing Snow"
"-86.22","66.52","NAUJAAT A","2403491","2018-01-22 16:00","2018","01","22","16:00","-28.1","","-31.4","","74","","","","33","","14","","4.8","","102.20","","","","-39","","Ice Crystals,Blowing Snow"
"-86.22","66.52","NAUJAAT A","2403491","2018-01-22 17:00","2018","01","22","17:00","-28.1","","-31.5","","74","","","","34","","24","","32.2","","102.28","","","","-42","","Ice Crystals,Blowing Snow"
"-86.22","66.52","NAUJAAT A","2403491","2018-01-22 18:00","2018","01","22","18:00"
"-86.22","66.52","NAUJAAT A","2403491","2018-01-22 19:00","2018","01","22","19:00"
"-86.22","66.52","NAUJAAT A","2403491","2018-01-22 20:00","2018","01","22","20:00"
"-86.22","66.52","NAUJAAT A","2403491","2018-01-22 21:00","2018","01","22","21:00"
"-86.22","66.52","NAUJAAT A","2403491","2018-01-22 22:00","2018","01","22","22:00"
"-86.22","66.52","NAUJAAT A","2403491","2018-01-22 23:00","2018","01","22","23:00"
"-86.22","66.52","NAUJAAT A","2403491","2018-01-23 00:00","2018","01","23","00:00"
"-86.22","66.52","NAUJAAT A","2403491","2018-01-23 01:00","2018","01","23","01:00"
"-86.22","66.52","NAUJAAT A","2403491","2018-01-23 02:00","2018","01","23","02:00"
"-86.22","66.52","NAUJAAT A","2403491","2018-01-23 03:00","2018","01","23","03:00"
"-86.22","66.52","NAUJAAT A","2403491","2018-01-23 04:00","2018","01","23","04:00"
"-86.22","66.52","NAUJAAT A","2403491","2018-01-23 05:00","2018","01","23","05:00"
"-86.22","66.52","NAUJAAT A","2403491","2018-01-23 06:00","2018","01","23","06:00"
"-86.22","66.52","NAUJAAT A","2403491","2018-01-23 07:00","2018","01","23","07:00","-32.6","","-36.2","","71","","","","32","","5","","40.2","","102.28","","","","-39","","NA"
"-86.22","66.52","NAUJAAT A","2403491","2018-01-23 08:00","2018","01","23","08:00","-31.9","","-35.5","","71","","","","32","","8","","40.2","","102.26","","","","-40","","NA"
"-86.22","66.52","NAUJAAT A","2403491","2018-01-23 09:00","2018","01","23","09:00","-32.7","","-36.3","","71","","","","35","","5","","40.2","","102.25","","","","-39","","Mostly Cloudy"
"-86.22","66.52","NAUJAAT A","2403491","2018-01-23 10:00","2018","01","23","10:00","-31.8","","-35.3","","71","","","","31","","9","","40.2","","102.21","","","","-41","","NA"
"-86.22","66.52","NAUJAAT A","2403491","2018-01-23 11:00","2018","01","23","11:00","-31.6","","-35.1","","72","","","","26","","7","","40.2","","102.19","","","","-39","","NA"
"-86.22","66.52","NAUJAAT A","2403491","2018-01-23 12:00","2018","01","23","12:00","-30.0","","-33.4","","72","","","","33","","10","","40.2","","102.15","","","","-39","","Mostly Cloudy"
"-86.22","66.52","NAUJAAT A","2403491","2018-01-23 13:00","2018","01","23","13:00","-30.6","","-34.1","","72","","","","29","","4","","40.2","","102.15","","","","-35","","NA"
"-86.22","66.52","NAUJAAT A","2403491","2018-01-23 14:00","2018","01","23","14:00","-30.7","","-34.2","","72","","","","32","","3","","40.2","","102.16","","","","-34","","NA"
"-86.22","66.52","NAUJAAT A","2403491","2018-01-23 15:00","2018","01","23","15:00","-30.8","","-34.3","","72","","","","36","","2","","40.2","","102.16","","","","-33","","Mostly Cloudy"
"-86.22","66.52","NAUJAAT A","2403491","2018-01-23 16:00","2018","01","23","16:00","-30.9","","-34.4","","72","","","","36","","3","","40.2","","102.12","","","","-34","","NA"
"-86.22","66.52","NAUJAAT A","2403491","2018-01-23 17:00","2018","01","23","17:00","-31.0","","-34.6","","72","","","","36","","1","","40.2","","102.11","","","","-32","","NA"
"-86.22","66.52","NAUJAAT A","2403491","2018-01-23 18:00","2018","01","23","18:00"
"-86.22","66.52","NAUJAAT A","2403491","2018-01-23 19:00","2018","01","23","19:00"
"-86.22","66.52","NAUJAAT A","2403491","2018-01-23 20:00","2018","01","23","20:00"
"-86.22","66.52","NAUJAAT A","2403491","2018-01-23 21:00","2018","01","23","21:00"
"-86.22","66.52","NAUJAAT A","2403491","2018-01-23 22:00","2018","01","23","22:00"
"-86.22","66.52","NAUJAAT A","2403491","2018-01-23 23:00","2018","01","23","23:00"
"-86.22","66.52","NAUJAAT A","2403491","2018-01-24 00:00","2018","01","24","00:00"
"-86.22","66.52","NAUJAAT A","2403491","2018-01-24 01:00","2018","01","24","01:00"
"-86.22","66.52","NAUJAAT A","2403491","2018-01-24 02:00","2018","01","24","02:00"
"-86.22","66.52","NAUJAAT A","2403491","2018-01-24 03:00","2018","01","24","03:00"
"-86.22","66.52","NAUJAAT A","2403491","2018-01-24 04:00","2018","01","24","04:00"
"-86.22","66.52","NAUJAAT A","2403491","2018-01-24 05:00","2018","01","24","05:00"
"-86.22","66.52","NAUJAAT A","2403491","2018-01-24 06:00","2018","01","24","06:00"
"-86.22","66.52","NAUJAAT A","2403491","2018-01-24 07:00","2018","01","24","07:00"
"-86.22","66.52","NAUJAAT A","2403491","2018-01-24 08:00","2018","01","24","08:00"
"-86.22","66.52","NAUJAAT A","2403491","2018-01-24 09:00","2018","01","24","09:00"
"-86.22","66.52","NAUJAAT A","2403491","2018-01-24 10:00","2018","01","24","10:00"
"-86.22","66.52","NAUJAAT A","2403491","2018-01-24 11:00","2018","01","24","11:00"
"-86.22","66.52","NAUJAAT A","2403491","2018-01-24 12:00","2018","01","24","12:00"
"-86.22","66.52","NAUJAAT A","2403491","2018-01-24 13:00","2018","01","24","13:00"
"-86.22","66.52","NAUJAAT A","2403491","2018-01-24 14:00","2018","01","24","14:00"
"-86.22","66.52","NAUJAAT A","2403491","2018-01-24 15:00","2018","01","24","15:00"
"-86.22","66.52","NAUJAAT A","2403491","2018-01-24 16:00","2018","01","24","16:00"
"-86.22","66.52","NAUJAAT A","2403491","2018-01-24 17:00","2018","01","24","17:00"
"-86.22","66.52","NAUJAAT A","2403491","2018-01-24 18:00","2018","01","24","18:00"
"-86.22","66.52","NAUJAAT A","2403491","2018-01-24 19:00","2018","01","24","19:00"
"-86.22","66.52","NAUJAAT A","2403491","2018-01-24 20:00","2018","01","24","20:00"
"-86.22","66.52","NAUJAAT A","2403491","2018-01-24 21:00","2018","01","24","21:00"
"-86.22","66.52","NAUJAAT A","2403491","2018-01-24 22:00","2018","01","24","22:00"
"-86.22","66.52","NAUJAAT A","2403491","2018-01-24 23:00","2018","01","24","23:00"
"-86.22","66.52","NAUJAAT A","2403491","2018-01-25 00:00","2018","01","25","00:00"
"-86.22","66.52","NAUJAAT A","2403491","2018-01-25 01:00","2018","01","25","01:00"
"-86.22","66.52","NAUJAAT A","2403491","2018-01-25 02:00","2018","01","25","02:00"
"-86.22","66.52","NAUJAAT A","2403491","2018-01-25 03:00","2018","01","25","03:00"
"-86.22","66.52","NAUJAAT A","2403491","2018-01-25 04:00","2018","01","25","04:00"
"-86.22","66.52","NAUJAAT A","2403491","2018-01-25 05:00","2018","01","25","05:00"
"-86.22","66.52","NAUJAAT A","2403491","2018-01-25 06:00","2018","01","25","06:00"
"-86.22","66.52","NAUJAAT A","2403491","2018-01-25 07:00","2018","01","25","07:00","-30.5","","-34.0","","72","","","","35","","4","","32.2","","101.77","","","","-35","","Snow"
"-86.22","66.52","NAUJAAT A","2403491","2018-01-25 08:00","2018","01","25","08:00","-29.8","","-33.2","","73","","","","36","","3","","24.1","","101.72","","","","-33","","Snow"
"-86.22","66.52","NAUJAAT A","2403491","2018-01-25 09:00","2018","01","25","09:00","-28.9","","-32.3","","73","","","","13","","5","","16.1","","101.72","","","","-34","","Snow"
"-86.22","66.52","NAUJAAT A","2403491","2018-01-25 10:00","2018","01","25","10:00","-28.5","","-31.9","","73","","","","10","","8","","19.3","","101.68","","","","-36","","Snow"
"-86.22","66.52","NAUJAAT A","2403491","2018-01-25 11:00","2018","01","25","11:00","-28.4","","-31.8","","73","","","","4","","5","","24.1","","101.66","","","","-34","","Snow"
"-86.22","66.52","NAUJAAT A","2403491","2018-01-25 12:00","2018","01","25","12:00","-27.9","","-31.3","","74","","","","4","","7","","32.2","","101.64","","","","-35","","Snow"
"-86.22","66.52","NAUJAAT A","2403491","2018-01-25 13:00","2018","01","25","13:00","-28.2","","-31.6","","73","","","","5","","3","","40.2","","101.62","","","","-31","","Snow"
"-86.22","66.52","NAUJAAT A","2403491","2018-01-25 14:00","2018","01","25","14:00","-28.2","","-31.6","","73","","","","2","","4","","40.2","","101.59","","","","-33","","Snow"
"-86.22","66.52","NAUJAAT A","2403491","2018-01-25 15:00","2018","01","25","15:00","-27.9","","-31.3","","74","","","","3","","3","","40.2","","101.60","","","","-31","","Snow"
"-86.22","66.52","NAUJAAT A","2403491","2018-01-25 16:00","2018","01","25","16:00","-27.5","","-30.8","","74","","","","7","","3","","32.2","","101.62","","","","-31","","Snow"
"-86.22","66.52","NAUJAAT A","2403491","2018-01-25 17:00","2018","01","25","17:00","-27.4","","-30.7","","74","","","","1","","6","","32.2","","101.64","","","","-34","","Snow"
"-86.22","66.52","NAUJAAT A","2403491","2018-01-25 18:00","2018","01","25","18:00"
"-86.22","66.52","NAUJAAT A","2403491","2018-01-25 19:00","2018","01","25","19:00"
"-86.22","66.52","NAUJAAT A","2403491","2018-01-25 20:00","2018","01","25","20:00"
"-86.22","66.52","NAUJAAT A","2403491","2018-01-25 21:00","2018","01","25","21:00"
"-86.22","66.52","NAUJAAT A","2403491","2018-01-25 22:00","2018","01","25","22:00"
"-86.22","66.52","NAUJAAT A","2403491","2018-01-25 23:00","2018","01","25","23:00"
"-86.22","66.52","NAUJAAT A","2403491","2018-01-26 00:00","2018","01","26","00:00","-26.2","","-29.5","","75","","","","36","","3","","32.2","","101.56","","","","-29","","Snow"
"-86.22","66.52","NAUJAAT A","2403491","2018-01-26 01:00","2018","01","26","01:00","-26.3","","-29.5","","75","","","","1","","3","","32.2","","101.56","","","","-29","","Snow"
"-86.22","66.52","NAUJAAT A","2403491","2018-01-26 02:00","2018","01","26","02:00"
"-86.22","66.52","NAUJAAT A","2403491","2018-01-26 03:00","2018","01","26","03:00"
"-86.22","66.52","NAUJAAT A","2403491","2018-01-26 04:00","2018","01","26","04:00"
"-86.22","66.52","NAUJAAT A","2403491","2018-01-26 05:00","2018","01","26","05:00"
"-86.22","66.52","NAUJAAT A","2403491","2018-01-26 06:00","2018","01","26","06:00"
"-86.22","66.52","NAUJAAT A","2403491","2018-01-26 07:00","2018","01","26","07:00","-29.2","","-32.6","","73","","","","36","","2","","40.2","","101.58","","","","-31","","Ice Crystals"
"-86.22","66.52","NAUJAAT A","2403491","2018-01-26 08:00","2018","01","26","08:00","-28.9","","-32.2","","73","","","","36","","2","","40.2","","101.56","","","","-31","","Ice Crystals"
"-86.22","66.52","NAUJAAT A","2403491","2018-01-26 09:00","2018","01","26","09:00","-28.2","","-31.5","","74","","","","36","","2","","40.2","","101.56","","","","-30","","Ice Crystals"
"-86.22","66.52","NAUJAAT A","2403491","2018-01-26 10:00","2018","01","26","10:00","-26.8","","-30.0","","75","","","","30","","5","","32.2","","101.55","","","","-32","","Ice Crystals"
"-86.22","66.52","NAUJAAT A","2403491","2018-01-26 11:00","2018","01","26","11:00","-26.1","","-29.4","","75","","","","32","","7","","40.2","","101.57","","","","-33","","Ice Crystals"
"-86.22","66.52","NAUJAAT A","2403491","2018-01-26 12:00","2018","01","26","12:00","-26.4","","-29.7","","74","","","","36","","3","","32.2","","101.57","","","","-29","","Ice Crystals"
"-86.22","66.52","NAUJAAT A","2403491","2018-01-26 13:00","2018","01","26","13:00","-27.5","","-30.8","","74","","","","34","","5","","40.2","","101.57","","","","-33","","Snow"
"-86.22","66.52","NAUJAAT A","2403491","2018-01-26 14:00","2018","01","26","14:00","-28.3","","-31.7","","74","","","","36","","2","","40.2","","101.57","","","","-30","","Ice Crystals"
"-86.22","66.52","NAUJAAT A","2403491","2018-01-26 15:00","2018","01","26","15:00","-28.5","","-31.7","","75","","","","35","","4","","40.2","","101.57","","","","-33","","Ice Crystals"
"-86.22","66.52","NAUJAAT A","2403491","2018-01-26 16:00","2018","01","26","16:00","-29.0","","-32.4","","73","","","","32","","4","","40.2","","101.59","","","","-33","","Ice Crystals"
"-86.22","66.52","NAUJAAT A","2403491","2018-01-26 17:00","2018","01","26","17:00","-29.6","","-33.0","","73","","","","28","","4","","32.2","","101.57","","","","-34","","Ice Crystals"
"-86.22","66.52","NAUJAAT A","2403491","2018-01-26 18:00","2018","01","26","18:00"
"-86.22","66.52","NAUJAAT A","2403491","2018-01-26 19:00","2018","01","26","19:00"
"-86.22","66.52","NAUJAAT A","2403491","2018-01-26 20:00","2018","01","26","20:00"
"-86.22","66.52","NAUJAAT A","2403491","2018-01-26 21:00","2018","01","26","21:00"
"-86.22","66.52","NAUJAAT A","2403491","2018-01-26 22:00","2018","01","26","22:00"
"-86.22","66.52","NAUJAAT A","2403491","2018-01-26 23:00","2018","01","26","23:00"
"-86.22","66.52","NAUJAAT A","2403491","2018-01-27 00:00","2018","01","27","00:00"
"-86.22","66.52","NAUJAAT A","2403491","2018-01-27 01:00","2018","01","27","01:00"
"-86.22","66.52","NAUJAAT A","2403491","2018-01-27 02:00","2018","01","27","02:00"
"-86.22","66.52","NAUJAAT A","2403491","2018-01-27 03:00","2018","01","27","03:00"
"-86.22","66.52","NAUJAAT A","2403491","2018-01-27 04:00","2018","01","27","04:00"
"-86.22","66.52","NAUJAAT A","2403491","2018-01-27 05:00","2018","01","27","05:00"
"-86.22","66.52","NAUJAAT A","2403491","2018-01-27 06:00","2018","01","27","06:00"
"-86.22","66.52","NAUJAAT A","2403491","2018-01-27 07:00","2018","01","27","07:00"
"-86.22","66.52","NAUJAAT A","2403491","2018-01-27 08:00","2018","01","27","08:00"
"-86.22","66.52","NAUJAAT A","2403491","2018-01-27 09:00","2018","01","27","09:00","-25.4","","-28.6","","76","","","","31","","5","","24.1","","100.96","","","","-30","","Mostly Cloudy"
"-86.22","66.52","NAUJAAT A","2403491","2018-01-27 10:00","2018","01","27","10:00","-26.6","","-30.0","","74","","","","35","","10","","24.1","","100.95","","","","-35","","NA"
"-86.22","66.52","NAUJAAT A","2403491","2018-01-27 11:00","2018","01","27","11:00","-26.1","","-29.2","","76","","","","33","","9","","24.1","","100.94","","","","-34","","NA"
"-86.22","66.52","NAUJAAT A","2403491","2018-01-27 12:00","2018","01","27","12:00","-30.2","","-33.7","","72","","","","20","","3","","24.1","","100.93","","","","-34","","Ice Crystals"
"-86.22","66.52","NAUJAAT A","2403491","2018-01-27 13:00","2018","01","27","13:00","-27.5","","-30.8","","74","","","","34","","10","","24.1","","100.88","","","","-36","","Ice Crystals"
"-86.22","66.52","NAUJAAT A","2403491","2018-01-27 14:00","2018","01","27","14:00","-26.5","","-29.8","","74","","","","34","","16","","24.1","","100.86","","","","-37","","Ice Crystals"
"-86.22","66.52","NAUJAAT A","2403491","2018-01-27 15:00","2018","01","27","15:00","-26.6","","-29.9","","75","","","","32","","14","","24.1","","100.89","","","","-37","","Ice Crystals"
"-86.22","66.52","NAUJAAT A","2403491","2018-01-27 16:00","2018","01","27","16:00"
"-86.22","66.52","NAUJAAT A","2403491","2018-01-27 17:00","2018","01","27","17:00"
"-86.22","66.52","NAUJAAT A","2403491","2018-01-27 18:00","2018","01","27","18:00"
"-86.22","66.52","NAUJAAT A","2403491","2018-01-27 19:00","2018","01","27","19:00"
"-86.22","66.52","NAUJAAT A","2403491","2018-01-27 20:00","2018","01","27","20:00"
"-86.22","66.52","NAUJAAT A","2403491","2018-01-27 21:00","2018","01","27","21:00"
"-86.22","66.52","NAUJAAT A","2403491","2018-01-27 22:00","2018","01","27","22:00"
"-86.22","66.52","NAUJAAT A","2403491","2018-01-27 23:00","2018","01","27","23:00"
"-86.22","66.52","NAUJAAT A","2403491","2018-01-28 00:00","2018","01","28","00:00"
"-86.22","66.52","NAUJAAT A","2403491","2018-01-28 01:00","2018","01","28","01:00"
"-86.22","66.52","NAUJAAT A","2403491","2018-01-28 02:00","2018","01","28","02:00"
"-86.22","66.52","NAUJAAT A","2403491","2018-01-28 03:00","2018","01","28","03:00"
"-86.22","66.52","NAUJAAT A","2403491","2018-01-28 04:00","2018","01","28","04:00"
"-86.22","66.52","NAUJAAT A","2403491","2018-01-28 05:00","2018","01","28","05:00"
"-86.22","66.52","NAUJAAT A","2403491","2018-01-28 06:00","2018","01","28","06:00"
"-86.22","66.52","NAUJAAT A","2403491","2018-01-28 07:00","2018","01","28","07:00"
"-86.22","66.52","NAUJAAT A","2403491","2018-01-28 08:00","2018","01","28","08:00"
"-86.22","66.52","NAUJAAT A","2403491","2018-01-28 09:00","2018","01","28","09:00"
"-86.22","66.52","NAUJAAT A","2403491","2018-01-28 10:00","2018","01","28","10:00","-27.0","","-30.7","","71","","","","33","","4","","24.1","","101.33","","","","-31","","NA"
"-86.22","66.52","NAUJAAT A","2403491","2018-01-28 11:00","2018","01","28","11:00","-26.7","","-30.4","","71","","","","32","","14","","24.1","","101.31","","","","-37","","NA"
"-86.22","66.52","NAUJAAT A","2403491","2018-01-28 12:00","2018","01","28","12:00","-25.9","","-29.6","","72","","","","32","","14","","24.1","","101.31","","","","-36","","Mostly Cloudy"
"-86.22","66.52","NAUJAAT A","2403491","2018-01-28 13:00","2018","01","28","13:00","-25.4","","-29.1","","72","","","","34","","13","","24.1","","101.29","","","","-35","","NA"
"-86.22","66.52","NAUJAAT A","2403491","2018-01-28 14:00","2018","01","28","14:00","-26.5","","-30.1","","73","","","","28","","6","","24.1","","101.33","","","","-32","","NA"
"-86.22","66.52","NAUJAAT A","2403491","2018-01-28 15:00","2018","01","28","15:00","-26.4","","-29.9","","73","","","","34","","11","","24.1","","101.31","","","","-35","","Mostly Cloudy"
"-86.22","66.52","NAUJAAT A","2403491","2018-01-28 16:00","2018","01","28","16:00"
"-86.22","66.52","NAUJAAT A","2403491","2018-01-28 17:00","2018","01","28","17:00"
"-86.22","66.52","NAUJAAT A","2403491","2018-01-28 18:00","2018","01","28","18:00"
"-86.22","66.52","NAUJAAT A","2403491","2018-01-28 19:00","2018","01","28","19:00"
"-86.22","66.52","NAUJAAT A","2403491","2018-01-28 20:00","2018","01","28","20:00"
"-86.22","66.52","NAUJAAT A","2403491","2018-01-28 21:00","2018","01","28","21:00"
"-86.22","66.52","NAUJAAT A","2403491","2018-01-28 22:00","2018","01","28","22:00"
"-86.22","66.52","NAUJAAT A","2403491","2018-01-28 23:00","2018","01","28","23:00"
"-86.22","66.52","NAUJAAT A","2403491","2018-01-29 00:00","2018","01","29","00:00"
"-86.22","66.52","NAUJAAT A","2403491","2018-01-29 01:00","2018","01","29","01:00"
"-86.22","66.52","NAUJAAT A","2403491","2018-01-29 02:00","2018","01","29","02:00"
"-86.22","66.52","NAUJAAT A","2403491","2018-01-29 03:00","2018","01","29","03:00"
"-86.22","66.52","NAUJAAT A","2403491","2018-01-29 04:00","2018","01","29","04:00"
"-86.22","66.52","NAUJAAT A","2403491","2018-01-29 05:00","2018","01","29","05:00"
"-86.22","66.52","NAUJAAT A","2403491","2018-01-29 06:00","2018","01","29","06:00"
"-86.22","66.52","NAUJAAT A","2403491","2018-01-29 07:00","2018","01","29","07:00","-32.0","","-35.8","","69","","","","35","","3","","24.1","","101.19","","","","-36","","Ice Crystals"
"-86.22","66.52","NAUJAAT A","2403491","2018-01-29 08:00","2018","01","29","08:00","-30.2","","-34.0","","70","","","","30","","10","","24.1","","101.17","","","","-39","","Ice Crystals"
"-86.22","66.52","NAUJAAT A","2403491","2018-01-29 09:00","2018","01","29","09:00","-30.7","","-34.5","","70","","","","31","","10","","24.1","","101.15","","","","-40","","Ice Crystals"
"-86.22","66.52","NAUJAAT A","2403491","2018-01-29 10:00","2018","01","29","10:00","-30.5","","-34.4","","70","","","","31","","11","","24.1","","101.14","","","","-40","","Ice Crystals"
"-86.22","66.52","NAUJAAT A","2403491","2018-01-29 11:00","2018","01","29","11:00","-30.8","","-34.9","","68","","","","31","","6","","24.1","","101.14","","","","-37","","Ice Crystals"
"-86.22","66.52","NAUJAAT A","2403491","2018-01-29 12:00","2018","01","29","12:00","-30.4","","-34.7","","67","","","","33","","22","","24.1","","101.13","","","","-44","","Ice Crystals,Blowing Snow"
"-86.22","66.52","NAUJAAT A","2403491","2018-01-29 13:00","2018","01","29","13:00","-31.1","","-35.2","","68","","","","36","","3","","24.1","","101.16","","","","-35","","Ice Crystals"
"-86.22","66.52","NAUJAAT A","2403491","2018-01-29 14:00","2018","01","29","14:00","-31.5","","-35.5","","68","","","","32","","23","","24.1","","101.18","","","","-46","","Ice Crystals,Blowing Snow"
"-86.22","66.52","NAUJAAT A","2403491","2018-01-29 15:00","2018","01","29","15:00","-32.1","","-36.0","","70","","","","31","","13","","24.1","","101.22","","","","-43","","Ice Crystals"
"-86.22","66.52","NAUJAAT A","2403491","2018-01-29 16:00","2018","01","29","16:00","-31.8","","-35.8","","69","","","","32","","12","","24.1","","101.27","","","","-42","","Ice Crystals"
"-86.22","66.52","NAUJAAT A","2403491","2018-01-29 17:00","2018","01","29","17:00","-32.5","","-36.7","","67","","","","27","","6","","24.1","","101.32","","","","-39","","Ice Crystals"
"-86.22","66.52","NAUJAAT A","2403491","2018-01-29 18:00","2018","01","29","18:00"
"-86.22","66.52","NAUJAAT A","2403491","2018-01-29 19:00","2018","01","29","19:00"
"-86.22","66.52","NAUJAAT A","2403491","2018-01-29 20:00","2018","01","29","20:00"
"-86.22","66.52","NAUJAAT A","2403491","2018-01-29 21:00","2018","01","29","21:00"
"-86.22","66.52","NAUJAAT A","2403491","2018-01-29 22:00","2018","01","29","22:00"
"-86.22","66.52","NAUJAAT A","2403491","2018-01-29 23:00","2018","01","29","23:00"
"-86.22","66.52","NAUJAAT A","2403491","2018-01-30 00:00","2018","01","30","00:00"
"-86.22","66.52","NAUJAAT A","2403491","2018-01-30 01:00","2018","01","30","01:00"
"-86.22","66.52","NAUJAAT A","2403491","2018-01-30 02:00","2018","01","30","02:00"
"-86.22","66.52","NAUJAAT A","2403491","2018-01-30 03:00","2018","01","30","03:00"
"-86.22","66.52","NAUJAAT A","2403491","2018-01-30 04:00","2018","01","30","04:00"
"-86.22","66.52","NAUJAAT A","2403491","2018-01-30 05:00","2018","01","30","05:00"
"-86.22","66.52","NAUJAAT A","2403491","2018-01-30 06:00","2018","01","30","06:00"
"-86.22","66.52","NAUJAAT A","2403491","2018-01-30 07:00","2018","01","30","07:00","-31.2","","-35.2","","69","","","","34","","10","","19.3","","101.31","","","","-41","","Snow Grains"
"-86.22","66.52","NAUJAAT A","2403491","2018-01-30 08:00","2018","01","30","08:00","-31.6","","-35.6","","69","","","","13","","3","","24.1","","101.34","","","","-35","","Snow Grains"
"-86.22","66.52","NAUJAAT A","2403491","2018-01-30 09:00","2018","01","30","09:00","-31.9","","-35.9","","69","","","","33","","4","","19.3","","101.35","","","","-37","","Snow Grains"
"-86.22","66.52","NAUJAAT A","2403491","2018-01-30 10:00","2018","01","30","10:00","-31.4","","-35.2","","70","","","","32","","3","","8.1","","101.42","","","","-35","","Snow Grains"
"-86.22","66.52","NAUJAAT A","2403491","2018-01-30 11:00","2018","01","30","11:00","-31.1","","-34.9","","70","","","","36","","6","","11.3","","101.39","","","","-38","","Snow Grains"
"-86.22","66.52","NAUJAAT A","2403491","2018-01-30 12:00","2018","01","30","12:00","-30.8","","-34.6","","70","","","","3","","7","","12.9","","101.39","","","","-38","","Snow Grains"
"-86.22","66.52","NAUJAAT A","2403491","2018-01-30 13:00","2018","01","30","13:00","-31.3","","-35.0","","70","","","","36","","1","","9.7","","101.40","","","","-32","","Snow Grains"
"-86.22","66.52","NAUJAAT A","2403491","2018-01-30 14:00","2018","01","30","14:00","-31.2","","-34.9","","71","","","","36","","3","","6.4","","101.44","","","","-35","","Ice Crystals"
"-86.22","66.52","NAUJAAT A","2403491","2018-01-30 15:00","2018","01","30","15:00","-31.4","","-34.9","","72","","","","13","","7","","4.8","","101.45","","","","-39","","Ice Crystals"
"-86.22","66.52","NAUJAAT A","2403491","2018-01-30 16:00","2018","01","30","16:00","-33.1","","-36.8","","71","","","","36","","2","","9.7","","101.46","","","","-36","","Ice Crystals"
"-86.22","66.52","NAUJAAT A","2403491","2018-01-30 17:00","2018","01","30","17:00","-34.0","","-37.5","","71","","","","36","","2","","12.9","","101.49","","","","-36","","Ice Crystals"
"-86.22","66.52","NAUJAAT A","2403491","2018-01-30 18:00","2018","01","30","18:00"
"-86.22","66.52","NAUJAAT A","2403491","2018-01-30 19:00","2018","01","30","19:00"
"-86.22","66.52","NAUJAAT A","2403491","2018-01-30 20:00","2018","01","30","20:00"
"-86.22","66.52","NAUJAAT A","2403491","2018-01-30 21:00","2018","01","30","21:00"
"-86.22","66.52","NAUJAAT A","2403491","2018-01-30 22:00","2018","01","30","22:00"
"-86.22","66.52","NAUJAAT A","2403491","2018-01-30 23:00","2018","01","30","23:00"
"-86.22","66.52","NAUJAAT A","2403491","2018-01-31 00:00","2018","01","31","00:00"
"-86.22","66.52","NAUJAAT A","2403491","2018-01-31 01:00","2018","01","31","01:00"
"-86.22","66.52","NAUJAAT A","2403491","2018-01-31 02:00","2018","01","31","02:00"
"-86.22","66.52","NAUJAAT A","2403491","2018-01-31 03:00","2018","01","31","03:00"
"-86.22","66.52","NAUJAAT A","2403491","2018-01-31 04:00","2018","01","31","04:00"
"-86.22","66.52","NAUJAAT A","2403491","2018-01-31 05:00","2018","01","31","05:00"
"-86.22","66.52","NAUJAAT A","2403491","2018-01-31 06:00","2018","01","31","06:00"
"-86.22","66.52","NAUJAAT A","2403491","2018-01-31 07:00","2018","01","31","07:00","-37.6","","-41.6","","67","","","","35","","28","","32.2","","101.75","","","","-55","","Blowing Snow"
"-86.22","66.52","NAUJAAT A","2403491","2018-01-31 08:00","2018","01","31","08:00","-38.5","","-42.6","","67","","","","28","","5","","32.2","","101.80","","","","-45","","Blowing Snow"
"-86.22","66.52","NAUJAAT A","2403491","2018-01-31 09:00","2018","01","31","09:00","-38.6","","-42.6","","67","","","","36","","27","","40.2","","101.76","","","","-56","","Blowing Snow"
"-86.22","66.52","NAUJAAT A","2403491","2018-01-31 10:00","2018","01","31","10:00","-38.3","","-42.6","","65","","","","34","","14","","40.2","","101.84","","","","-51","","Blowing Snow"
"-86.22","66.52","NAUJAAT A","2403491","2018-01-31 11:00","2018","01","31","11:00","-37.7","","-42.1","","65","","","","35","","14","","40.2","","101.84","","","","-50","","Blowing Snow"
"-86.22","66.52","NAUJAAT A","2403491","2018-01-31 12:00","2018","01","31","12:00","-38.1","","-42.5","","65","","","","35","","25","","40.2","","101.78","","","","-55","","Blowing Snow"
"-86.22","66.52","NAUJAAT A","2403491","2018-01-31 13:00","2018","01","31","13:00","-38.0","","-42.4","","65","","","","36","","26","","40.2","","101.79","","","","-55","","Blowing Snow"
"-86.22","66.52","NAUJAAT A","2403491","2018-01-31 14:00","2018","01","31","14:00","-38.2","","-42.5","","65","","","","35","","24","","40.2","","101.78","","","","-55","","Blowing Snow"
"-86.22","66.52","NAUJAAT A","2403491","2018-01-31 15:00","2018","01","31","15:00","-38.5","","-42.6","","66","","","","33","","12","","11.3","","101.81","","","","-50","","Ice Crystals"
"-86.22","66.52","NAUJAAT A","2403491","2018-01-31 16:00","2018","01","31","16:00","-37.9","","-42.2","","65","","","","36","","26","","32.2","","101.80","","","","-55","","Ice Crystals,Blowing Snow"
"-86.22","66.52","NAUJAAT A","2403491","2018-01-31 17:00","2018","01","31","17:00","-37.5","","-41.7","","66","","","","1","","30","","24.1","","101.79","","","","-55","","Ice Crystals,Blowing Snow"
"-86.22","66.52","NAUJAAT A","2403491","2018-01-31 18:00","2018","01","31","18:00"
"-86.22","66.52","NAUJAAT A","2403491","2018-01-31 19:00","2018","01","31","19:00"
"-86.22","66.52","NAUJAAT A","2403491","2018-01-31 20:00","2018","01","31","20:00"
"-86.22","66.52","NAUJAAT A","2403491","2018-01-31 21:00","2018","01","31","21:00"
"-86.22","66.52","NAUJAAT A","2403491","2018-01-31 22:00","2018","01","31","22:00"
"-86.22","66.52","NAUJAAT A","2403491","2018-01-31 23:00","2018","01","31","23:00"
